"ID","Description","GeneRatio","BgRatio","RichFactor","FoldEnrichment","zScore","pvalue","p.adjust","qvalue","geneID","Count","Module","Source","Module_Size","tau_related"
"GO:0071375","cellular response to peptide hormone stimulus","40/549","345/18860",0.115942028985507,3.98299939283546,9.68256286738061,9.2483011900745e-14,2.61918212850065e-10,1.77610403970815e-10,"MDM2/AKT1/PDPK1/AKT2/RAF1/PRKCI/PRKCZ/MAPK3/MAPK1/STAT1/GSK3B/PPARG/GSK3A/STAT6/PRKCB/CFL1/CAMK2A/AKT3/HNF4A/RPS6KB1/PRKCQ/NR1H4/RAP1GDS1/GSTP1/YWHAG/NCL/PIK3C2A/TSC2/FOXO4/USF1/GCK/EEF2K/PIP4K2B/NDEL1/AHCYL1/PRKAR1A/FOXC2/GHRL/SYAP1/PKLR",40,1,"GO_BP",554,FALSE
"GO:0006979","response to oxidative stress","44/549","418/18860",0.105263157894737,3.61614418560061,9.36559296517721,1.61930469503994e-13,2.61918212850065e-10,1.77610403970815e-10,"MDM2/PRKN/PARK7/AKT1/DAPK1/MAPK8/MAP2K1/CHEK2/STAT1/MYB/FOXO3/BCL2/CFL1/PCNA/MAPK9/PML/BLVRA/PPARGC1A/HSPA1A/MAPK13/PPIF/SOD1/GSTP1/CRYAA/S100A7/PKD2/HSPA1B/PRDX1/NOS3/FOXO4/MAPT/SOD2/AMBP/PRDX3/MPO/HMOX1/AIFM1/IDH1/NUDT1/NFE2L1/TXNIP/CYGB/PRDX6/RHOB",44,1,"GO_BP",554,FALSE
"GO:0062197","cellular response to chemical stress","39/549","335/18860",0.116417910447761,3.99934752467172,9.59090425124149,1.67004173974537e-13,2.61918212850065e-10,1.77610403970815e-10,"MDM2/PRKN/PARK7/AKT1/DAPK1/PRKCI/MAPK8/BAD/MYB/FOXO3/CFL1/PCNA/MAPK9/PML/PPARGC1A/HSPA1A/ARHGEF2/MAPK13/PPIF/SOD1/CAPN3/XRCC6/PKD2/HSPA1B/PRDX1/NOS3/RELB/FOXO4/MAPT/SOD2/AMBP/PRDX3/MPO/EFHD1/AIFM1/RCSD1/NFE2L1/CYGB/RHOB",39,1,"GO_BP",554,FALSE
"GO:0032869","cellular response to insulin stimulus","31/549","219/18860",0.141552511415525,4.86280576556795,9.95588327759189,3.02933551375543e-13,2.85430445915266e-10,1.93554378112684e-10,"AKT1/PDPK1/AKT2/RAF1/PRKCI/PRKCZ/MAPK3/MAPK1/STAT1/GSK3B/PPARG/GSK3A/PRKCB/AKT3/RPS6KB1/PRKCQ/NR1H4/GSTP1/YWHAG/NCL/PIK3C2A/TSC2/FOXO4/USF1/GCK/EEF2K/PIP4K2B/NDEL1/FOXC2/SYAP1/PKLR",31,1,"GO_BP",554,FALSE
"GO:0000302","response to reactive oxygen species","30/549","205/18860",0.146341463414634,5.02732240437158,10.0388779246971,3.03326722545447e-13,2.85430445915266e-10,1.93554378112684e-10,"MDM2/PARK7/AKT1/MAPK8/STAT1/MYB/FOXO3/BCL2/CFL1/PCNA/MAPK9/MAPK13/PPIF/SOD1/GSTP1/CRYAA/S100A7/PKD2/PRDX1/NOS3/MAPT/SOD2/AMBP/PRDX3/MPO/HMOX1/AIFM1/TXNIP/CYGB/RHOB",30,1,"GO_BP",554,FALSE
"GO:0006913","nucleocytoplasmic transport","39/549","350/18860",0.111428571428571,3.82794691647151,9.24680154731199,6.80940372662966e-13,4.57689207625608e-10,3.10365454066384e-10,"MAPK14/MDM2/PARK7/AKT1/GSK3B/TRIM28/CFL1/KPNA2/ELAVL1/CDKN1A/PML/STK4/RANBP3/YWHAB/PPP1CC/PPP3R1/STK3/YWHAE/CAMK1/FMR1/NPM1/SFN/DHX9/HSPA9/FLNA/CDKN1B/TSC2/IER3/PHB2/XPO5/MED1/AHCYL1/RAN/TXNIP/NUP98/SSB/BACH2/NCBP1/THOC1",39,1,"GO_BP",554,FALSE
"GO:0051169","nuclear transport","39/549","350/18860",0.111428571428571,3.82794691647151,9.24680154731199,6.80940372662966e-13,4.57689207625608e-10,3.10365454066384e-10,"MAPK14/MDM2/PARK7/AKT1/GSK3B/TRIM28/CFL1/KPNA2/ELAVL1/CDKN1A/PML/STK4/RANBP3/YWHAB/PPP1CC/PPP3R1/STK3/YWHAE/CAMK1/FMR1/NPM1/SFN/DHX9/HSPA9/FLNA/CDKN1B/TSC2/IER3/PHB2/XPO5/MED1/AHCYL1/RAN/TXNIP/NUP98/SSB/BACH2/NCBP1/THOC1",39,1,"GO_BP",554,FALSE
"GO:0043434","response to peptide hormone","45/549","461/18860",0.0976138828633406,3.3533658120266,8.85793041338979,1.22661894102244e-12,7.21405264688825e-10,4.89195001347241e-10,"MAPK14/MDM2/AKT1/PDPK1/AKT2/PRKCG/RAF1/PRKCI/PRKCZ/MAPK3/MAPK1/STAT1/GSK3B/PPARG/GSK3A/STAT6/PRKCB/CFL1/CAMK2A/AKT3/HNF4A/RPS6KB1/PRKCQ/NR1H4/JUND/RAP1GDS1/GSTP1/YWHAG/NCL/PIK3C2A/TSC2/FOXO4/USF1/GCK/EEF2K/NEFL/PIP4K2B/NDEL1/AHCYL1/SRSF6/PRKAR1A/FOXC2/GHRL/SYAP1/PKLR",45,1,"GO_BP",554,FALSE
"GO:0048545","response to steroid hormone","38/549","343/18860",0.110787172011662,3.80591268513651,9.0808263392725,1.62265997190691e-12,8.48290574202445e-10,5.752377046608e-10,"ZFP36/MDM2/PRKN/PARK7/KRAS/MAP2K1/KMT2D/FOXO3/GSK3A/BCL2/PCNA/YAP1/CEBPA/RPS6KB1/HSPA1A/RXRA/NR3C1/NR3C2/YWHAH/JUND/UBE2L3/HMGB1/SKP2/PPP1R9B/GSTP1/EGLN2/HSPA1B/SCGB2A1/ESRRA/AIFM1/NEFL/PHB2/PGR/MED1/RAN/IDH1/TXNIP/CLDN1",38,1,"GO_BP",554,FALSE
"GO:0061136","regulation of proteasomal protein catabolic process","29/549","209/18860",0.138755980861244,4.76673551738263,9.4814919425272,2.97747818141636e-12,1.4009034843564e-09,9.4997224924979e-10,"MDM2/PRKN/PARK7/AKT1/PRKCG/MAPK3/GSK3B/GSK3A/BAG2/STUB1/MAPK9/PSME3/RPL11/ARAF/CEBPA/HSPA1A/CSNK1D/RAD23B/PBK/FMR1/VCP/HSPA1B/ATXN3/NUB1/NFE2L1/USP14/NKD2/USP19/UBQLN2",29,1,"GO_BP",554,FALSE
"GO:0007249","canonical NF-kappaB signal transduction","22/69","359/18860",0.0612813370473538,16.7502321262767,18.2576766312449,1.93960390491913e-21,3.13052070253947e-18,2.10702234723846e-18,"IKBKB/IKBKG/BCL10/TNFAIP3/TNIP1/IRF3/RIPK2/TBK1/CYLD/PPM1A/ITCH/UBE2N/TANK/SQSTM1/TAX1BP1/NFKBIB/MALT1/CARD9/UBE2V1/PPM1B/USP15/NFKB1",22,2,"GO_BP",69,TRUE
"GO:0043122","regulation of canonical NF-kappaB signal transduction","21/69","332/18860",0.0632530120481928,17.289156626506,18.1452225601942,9.58598311470169e-21,7.73588837356427e-18,5.20670240756429e-18,"IKBKB/IKBKG/BCL10/TNFAIP3/TNIP1/IRF3/RIPK2/TBK1/CYLD/PPM1A/ITCH/UBE2N/TANK/SQSTM1/TAX1BP1/NFKBIB/MALT1/CARD9/UBE2V1/PPM1B/USP15",21,2,"GO_BP",69,TRUE
"GO:0045089","positive regulation of innate immune response","19/69","432/18860",0.0439814814814815,12.0216049382716,14.0428915192335,7.52737541826418e-16,4.04972797502613e-13,2.72570225671882e-13,"IKBKB/BCL10/TNFAIP3/TNIP1/IRF3/RIPK2/TBK1/CYLD/ITCH/SQSTM1/TAX1BP1/DHX58/ZBP1/CARD9/USP15/IRF4/CD274/CCL5/IRF5",19,2,"GO_BP",69,FALSE
"GO:0002833","positive regulation of response to biotic stimulus","19/69","465/18860",0.0408602150537634,11.168458781362,13.4536660162447,2.88227207671557e-15,1.16299678295473e-12,7.82764416623807e-13,"IKBKB/BCL10/TNFAIP3/TNIP1/IRF3/RIPK2/TBK1/CYLD/ITCH/SQSTM1/TAX1BP1/DHX58/ZBP1/CARD9/USP15/IRF4/CD274/CCL5/IRF5",19,2,"GO_BP",69,FALSE
"GO:0006995","cellular response to nitrogen starvation","7/69","12/18860",0.583333333333333,159.444444444444,33.2693205815103,5.00691387197276e-15,1.34685983156067e-12,9.06514932609804e-13,"ATG7/MAP1LC3B/GABARAPL1/GABARAPL2/MAP1LC3A/GABARAP/ATG5",7,2,"GO_BP",69,FALSE
"GO:0043562","cellular response to nitrogen levels","7/69","12/18860",0.583333333333333,159.444444444444,33.2693205815103,5.00691387197276e-15,1.34685983156067e-12,9.06514932609804e-13,"ATG7/MAP1LC3B/GABARAPL1/GABARAPL2/MAP1LC3A/GABARAP/ATG5",7,2,"GO_BP",69,FALSE
"GO:0002218","activation of innate immune response","17/69","362/18860",0.0469613259668508,12.8360957642726,13.7787334056824,1.07893762764107e-14,2.48772190144669e-12,1.6743814010911e-12,"IKBKB/BCL10/TNFAIP3/TNIP1/IRF3/RIPK2/TBK1/CYLD/ITCH/SQSTM1/TAX1BP1/DHX58/ZBP1/USP15/IRF4/CD274/IRF5",17,2,"GO_BP",69,FALSE
"GO:0002221","pattern recognition receptor signaling pathway","16/69","325/18860",0.0492307692307692,13.4564102564103,13.7261018814027,3.50815070447166e-14,7.07769404627158e-12,4.76369937765099e-12,"IKBKB/BCL10/TNFAIP3/TNIP1/IRF3/RIPK2/TBK1/CYLD/ITCH/SQSTM1/TAX1BP1/DHX58/USP15/IRF4/CD274/IRF5",16,2,"GO_BP",69,FALSE
"GO:0016236","macroautophagy","17/69","403/18860",0.0421836228287841,11.5301902398677,12.9484300084436,6.23797317824214e-14,1.11867652329809e-11,7.5293430642642e-12,"ATG7/MAP1LC3B/ATG3/IKBKG/RIPK2/ATG4A/TBK1/GABARAPL1/SQSTM1/GABARAPL2/MAP1LC3A/NBR1/GABARAP/SPART/ATG5/TBC1D25/STX17",17,2,"GO_BP",69,TRUE
"GO:0002758","innate immune response-activating signaling pathway","16/69","342/18860",0.0467836257309941,12.7875243664717,13.3305339718292,7.72263770528661e-14,1.24643372563326e-11,8.38922327563767e-12,"IKBKB/BCL10/TNFAIP3/TNIP1/IRF3/RIPK2/TBK1/CYLD/ITCH/SQSTM1/TAX1BP1/DHX58/USP15/IRF4/CD274/IRF5",16,2,"GO_BP",69,FALSE
"GO:0007219","Notch signaling pathway","19/37","191/18860",0.0994764397905759,50.706098768926,30.611288144453,7.68168255721934e-29,1.0262727896445e-25,5.71678901889902e-26,"NOTCH1/JAG2/DLL1/JAG1/MFNG/NOTCH2/NOTCH3/DLL4/SYNJ2BP/POFUT1/NEURL1/CNTN6/HIF1AN/RFNG/DLK1/DLK2/DNER/CD46/HES5",19,3,"GO_BP",37,TRUE
"GO:0008593","regulation of Notch signaling pathway","16/37","105/18860",0.152380952380952,77.6731016731017,34.9297050704024,3.0165948637187e-27,2.01508536896409e-24,1.1224908256048e-24,"NOTCH1/JAG2/DLL1/JAG1/MFNG/DLL4/SYNJ2BP/POFUT1/NEURL1/CNTN6/HIF1AN/RFNG/DLK1/DLK2/CD46/HES5",16,3,"GO_BP",37,TRUE
"GO:0045747","positive regulation of Notch signaling pathway","9/37","50/18860",0.18,91.7513513513513,28.4878370338747,3.55301693570886e-16,1.58227687536901e-13,8.813975345776e-14,"NOTCH1/JAG2/DLL1/JAG1/MFNG/DLL4/CNTN6/RFNG/HES5",9,3,"GO_BP",37,TRUE
"GO:0045746","negative regulation of Notch signaling pathway","6/37","43/18860",0.13953488372093,71.125078566939,20.4102426231802,2.15386533869621e-10,7.19391023124534e-08,4.0073231433111e-08,"DLL1/DLL4/NEURL1/HIF1AN/DLK1/DLK2",6,3,"GO_BP",37,TRUE
"GO:0045165","cell fate commitment","9/37","304/18860",0.0296052631578947,15.0906827880512,10.981013340353,5.46363756307464e-09,1.45988395685354e-06,8.132193172829e-07,"NOTCH1/JAG2/DLL1/JAG1/NOTCH2/NOTCH3/DLL4/IL7/HES5",9,3,"GO_BP",37,FALSE
"GO:0072006","nephron development","7/37","160/18860",0.04375,22.3006756756757,11.9963282066523,2.30479901946895e-08,5.13201915001752e-06,2.85875948555183e-06,"NOTCH1/DLL1/JAG1/PAX8/NOTCH2/NOTCH3/HES5",7,3,"GO_BP",37,FALSE
"GO:0072080","nephron tubule development","6/37","99/18860",0.0606060606060606,30.8927108927109,13.2211940230101,3.65786730277873e-08,6.98130102358912e-06,3.88889050084896e-06,"NOTCH1/DLL1/JAG1/PAX8/NOTCH2/HES5",6,3,"GO_BP",37,FALSE
"GO:0042491","inner ear auditory receptor cell differentiation","5/37","51/18860",0.0980392156862745,49.9735029146794,15.5267004629858,4.8272944049296e-08,7.30123338674826e-06,4.06710684244486e-06,"NOTCH1/JAG2/DLL1/JAG1/HES5",5,3,"GO_BP",37,FALSE
"GO:0061326","renal tubule development","6/37","104/18860",0.0576923076923077,29.4074844074844,12.8793844103268,4.91849554496514e-08,7.30123338674826e-06,4.06710684244486e-06,"NOTCH1/DLL1/JAG1/PAX8/NOTCH2/HES5",6,3,"GO_BP",37,FALSE
"GO:0030857","negative regulation of epithelial cell differentiation","5/37","55/18860",0.0909090909090909,46.3390663390663,14.929079115589,7.10845305342335e-08,9.49689327937359e-06,5.29018558817927e-06,"NOTCH1/DLL1/JAG1/IL13/HES5",5,3,"GO_BP",37,FALSE
"GO:0043491","phosphatidylinositol 3-kinase/protein kinase B signal transduction","55/232","354/18860",0.155367231638418,12.6302844340542,24.6522121377459,8.0757010337548e-45,2.99123966290278e-41,1.83360917155885e-41,"PDGFRB/PIK3R1/KIT/ERBB2/FLT3/RET/NTRK1/SRC/JAK2/EGFR/EGF/STAT3/NGF/VEGFA/FYN/PTPN6/PTPRJ/CBL/PTK2B/VAV1/PTPN11/ERBB4/PTEN/VAV3/PTPN1/GAB1/PTK2/PDGFRA/PDGFC/PDGFA/PDGFB/FLT1/VEGFB/LTK/GAS6/TYRO3/ERBB3/FGR/IGF1R/INSR/PDGFD/KDR/MST1R/NTRK2/DDR2/MERTK/FER/GDF15/PIK3C3/SH2B3/PECAM1/RNF41/ADAM17/CSF1R/SEMA4D",55,4,"GO_BP",233,TRUE
"GO:0051897","positive regulation of phosphatidylinositol 3-kinase/protein kinase B signal transduction","46/232","217/18860",0.211981566820276,17.2326394406483,26.8399262044556,7.26310442807685e-44,1.34512694007983e-40,8.24553486913777e-41,"PDGFRB/KIT/FLT3/RET/NTRK1/SRC/JAK2/EGFR/EGF/NGF/VEGFA/FYN/PTPN6/PTPRJ/CBL/PTK2B/VAV1/PTPN11/ERBB4/VAV3/GAB1/PTK2/PDGFRA/PDGFC/PDGFA/PDGFB/FLT1/VEGFB/LTK/GAS6/TYRO3/ERBB3/FGR/IGF1R/INSR/PDGFD/KDR/MST1R/NTRK2/DDR2/MERTK/FER/GDF15/PECAM1/CSF1R/SEMA4D",46,4,"GO_BP",233,TRUE
"GO:0018108","peptidyl-tyrosine phosphorylation","37/232","122/18860",0.30327868852459,24.6544657998869,29.2517363704766,1.13921904794332e-41,1.40655578452735e-38,8.62208942601309e-39,"PDGFRB/KIT/ERBB2/FLT3/NTRK1/SRC/JAK2/EGFR/ABL2/NRG1/VEGFA/FYN/LYN/PTPN6/LCK/SYK/BTK/PTK2B/ZAP70/ERBB4/HCK/PTK2/PDGFRA/PDGFB/FLT1/VEGFB/LTK/FGR/IGF1R/KDR/FLT4/ALK/DDR2/FER/CSF1R/EFEMP1/BLK",37,4,"GO_BP",233,TRUE
"GO:0018212","peptidyl-tyrosine modification","37/232","123/18860",0.300813008130081,24.4540229885057,29.1232663344406,1.61285045804336e-41,1.49349952414815e-38,9.15504852105138e-39,"PDGFRB/KIT/ERBB2/FLT3/NTRK1/SRC/JAK2/EGFR/ABL2/NRG1/VEGFA/FYN/LYN/PTPN6/LCK/SYK/BTK/PTK2B/ZAP70/ERBB4/HCK/PTK2/PDGFRA/PDGFB/FLT1/VEGFB/LTK/FGR/IGF1R/KDR/FLT4/ALK/DDR2/FER/CSF1R/EFEMP1/BLK",37,4,"GO_BP",233,FALSE
"GO:0051896","regulation of phosphatidylinositol 3-kinase/protein kinase B signal transduction","50/232","311/18860",0.160771704180064,13.0696307794656,23.9515783058108,2.03051888152341e-41,1.50420838743254e-38,9.22069311041264e-39,"PDGFRB/KIT/FLT3/RET/NTRK1/SRC/JAK2/EGFR/EGF/NGF/VEGFA/FYN/PTPN6/PTPRJ/CBL/PTK2B/VAV1/PTPN11/ERBB4/PTEN/VAV3/PTPN1/GAB1/PTK2/PDGFRA/PDGFC/PDGFA/PDGFB/FLT1/VEGFB/LTK/GAS6/TYRO3/ERBB3/FGR/IGF1R/INSR/PDGFD/KDR/MST1R/NTRK2/DDR2/MERTK/FER/GDF15/SH2B3/PECAM1/RNF41/CSF1R/SEMA4D",50,4,"GO_BP",233,TRUE
"GO:0043410","positive regulation of MAPK cascade","55/232","474/18860",0.116033755274262,9.43274407100247,20.7507917026695,7.84121603627231e-38,4.84064403305877e-35,2.96728122635779e-35,"PDGFRB/HRAS/KIT/ERBB2/FLT3/RET/NTRK1/SRC/JAK2/EGFR/EGF/NRG1/NGF/VEGFA/LYN/PTPRJ/LCK/SYK/PTK2B/ZAP70/SHC1/PTPN11/ERBB4/CRKL/LAT/CRK/PTPN1/MAP4K1/PDGFRA/PDGFC/PDGFA/PDGFB/FLT1/VEGFB/GAS6/ERBB3/IGF1R/INSR/PDGFD/KDR/FLT4/MST1R/NTRK2/DDR2/GDF15/PLCG2/PECAM1/CSF1R/ALKAL2/NAMPT/PLA2G2A/SLAMF1/FCGR2B/CD3E/SDCBP",55,4,"GO_BP",233,TRUE
"GO:0046777","protein autophosphorylation","31/232","134/18860",0.23134328358209,18.8066134843026,23.0850824288303,6.46315105318321e-31,3.41993021442723e-28,2.09639350702499e-28,"PDGFRB/KIT/FLT3/NTRK1/SRC/JAK2/NRG1/VEGFA/LYN/LCK/PTK2B/ERBB4/HCK/PTK2/MAP4K1/PDGFRA/PDGFA/PDGFB/FLT1/LTK/FGR/IGF1R/INSR/KDR/FLT4/NTRK2/ALK/DDR2/FER/CSF1R/TOM1L1",31,4,"GO_BP",233,TRUE
"GO:0070372","regulation of ERK1 and ERK2 cascade","37/232","303/18860",0.122112211221122,9.92688061909639,17.4818490270679,3.36234318432448e-26,1.55676489434224e-23,9.54286085340515e-24,"PDGFRB/HRAS/ERBB2/NTRK1/SRC/EGFR/NRG1/NGF/VEGFA/LYN/PTPN6/SYK/PTK2B/SHC1/PTPN11/ERBB4/CRKL/PTPN1/SIRPA/DUSP3/PDGFRA/PDGFC/PDGFA/PDGFB/VEGFB/GAS6/CSK/PDGFD/KDR/FLT4/DDR2/EZR/CSF1R/ALKAL2/NAMPT/PLA2G2A/SLAMF1",37,4,"GO_BP",233,FALSE
"GO:0070371","ERK1 and ERK2 cascade","38/232","331/18860",0.114803625377644,9.33274299406188,17.0685332081763,6.6624301760659e-26,2.7419601524609e-23,1.6808025602075e-23,"PDGFRB/HRAS/ERBB2/NTRK1/SRC/EGFR/EGF/NRG1/NGF/VEGFA/LYN/PTPN6/SYK/PTK2B/SHC1/PTPN11/ERBB4/CRKL/PTPN1/SIRPA/DUSP3/PDGFRA/PDGFC/PDGFA/PDGFB/VEGFB/GAS6/CSK/PDGFD/KDR/FLT4/DDR2/EZR/CSF1R/ALKAL2/NAMPT/PLA2G2A/SLAMF1",38,4,"GO_BP",233,FALSE
"GO:0018193","peptidyl-amino acid modification","41/232","404/18860",0.101485148514851,8.25004267668146,16.439275090106,8.22979344224826e-26,3.04831549100876e-23,1.86859625841363e-23,"PDGFRB/KIT/ERBB2/FLT3/NTRK1/SRC/JAK2/EGFR/EGF/ABL2/NRG1/VEGFA/FYN/LYN/PTPN6/LCK/SYK/BTK/PTK2B/ZAP70/ERBB4/HCK/PTEN/PTK2/MAP4K1/PDGFRA/PDGFB/FLT1/VEGFB/LTK/FGR/IGF1R/KDR/FLT4/ALK/DDR2/FER/CSF1R/EFEMP1/BLK/HINT1",41,4,"GO_BP",233,FALSE
"GO:0033044","regulation of chromosome organization","23/178","244/18860",0.0942622950819672,9.98756677104439,13.7927703566132,1.12894814662549e-16,3.29539963999981e-13,2.63698519722312e-13,"TP53/XRCC1/RB1/YY1/PLK1/AURKB/BUB1/CHFR/BIRC5/AXIN2/CUL3/TNKS/HDAC8/CCNB1/PNKP/MAD1L1/PBRM1/ZWINT/TINF2/MAD2L1/NDC80/MAD2L1BP/RUVBL1",23,5,"GO_BP",180,FALSE
"GO:1905818","regulation of chromosome separation","14/178","76/18860",0.184210526315789,19.5180366646954,15.7893896923004,1.09642697737312e-14,1.60023517347606e-11,1.28051129620576e-11,"CSNK2A1/RB1/PLK1/AURKB/BUB1/CHFR/BIRC5/CUL3/CCNB1/MAD1L1/ZWINT/MAD2L1/NDC80/MAD2L1BP",14,5,"GO_BP",180,FALSE
"GO:0051304","chromosome separation","14/178","83/18860",0.168674698795181,17.87193718695,15.0365616928814,3.98508041567689e-14,3.87748324445361e-11,3.10276962890773e-11,"CSNK2A1/RB1/PLK1/AURKB/BUB1/CHFR/BIRC5/CUL3/CCNB1/MAD1L1/ZWINT/MAD2L1/NDC80/MAD2L1BP",14,5,"GO_BP",180,FALSE
"GO:1902099","regulation of metaphase/anaphase transition of cell cycle","14/178","95/18860",0.147368421052632,15.6144293317564,13.9388526586514,2.79246726772199e-13,1.83343623059999e-10,1.46711923539113e-10,"RB1/PLK1/AURKB/BUB1/CHFR/BIRC5/CUL3/CCNB1/MAD1L1/PBRM1/ZWINT/MAD2L1/NDC80/MAD2L1BP",14,5,"GO_BP",180,FALSE
"GO:2001251","negative regulation of chromosome organization","14/178","97/18860",0.144329896907216,15.2924823352253,13.7752674492206,3.75879766363038e-13,1.83343623059999e-10,1.46711923539113e-10,"TP53/XRCC1/PLK1/AURKB/BUB1/BIRC5/TNKS/CCNB1/MAD1L1/ZWINT/TINF2/MAD2L1/NDC80/MAD2L1BP",14,5,"GO_BP",180,FALSE
"GO:0010965","regulation of mitotic sister chromatid separation","12/178","61/18860",0.19672131147541,20.8436176091361,15.152212088224,4.00679275615935e-13,1.83343623059999e-10,1.46711923539113e-10,"RB1/PLK1/AURKB/BUB1/BIRC5/CUL3/CCNB1/MAD1L1/ZWINT/MAD2L1/NDC80/MAD2L1BP",12,5,"GO_BP",180,FALSE
"GO:0007059","chromosome segregation","25/178","434/18860",0.0576036866359447,6.10340185367369,10.4989712366162,4.44126348957725e-13,1.83343623059999e-10,1.46711923539113e-10,"CSNK2A1/UBE2I/RB1/PLK1/AURKB/BUB1/CHFR/BIRC5/CUL3/TNKS/NUDC/CCNB1/PRC1/TOP1/MAD1L1/PBRM1/KIF22/ZWINT/BEX4/MAPRE2/MAD2L1/NDC80/MAPRE3/MAD2L1BP/SRPK1",25,5,"GO_BP",180,FALSE
"GO:0044784","metaphase/anaphase transition of cell cycle","14/178","99/18860",0.141414141414141,14.98354329815,13.6164684651092,5.02483379403902e-13,1.83343623059999e-10,1.46711923539113e-10,"RB1/PLK1/AURKB/BUB1/CHFR/BIRC5/CUL3/CCNB1/MAD1L1/PBRM1/ZWINT/MAD2L1/NDC80/MAD2L1BP",14,5,"GO_BP",180,FALSE
"GO:0051306","mitotic sister chromatid separation","12/178","64/18860",0.1875,19.8665730337079,14.7573350456104,7.37107123160754e-13,2.39068410278471e-10,1.9130300658406e-10,"RB1/PLK1/AURKB/BUB1/BIRC5/CUL3/CCNB1/MAD1L1/ZWINT/MAD2L1/NDC80/MAD2L1BP",12,5,"GO_BP",180,FALSE
"GO:0031577","spindle checkpoint signaling","11/178","49/18860",0.224489795918367,23.7858289383169,15.5888679585596,8.2773190705984e-13,2.41614943670767e-10,1.93340747554293e-10,"PLK1/AURKB/BUB1/CHFR/BIRC5/CCNB1/MAD1L1/ZWINT/MAD2L1/NDC80/MAD2L1BP",11,5,"GO_BP",180,FALSE
"GO:0050900","leukocyte migration","40/214","397/18860",0.100755667506297,8.87968172508769,16.9991094998304,1.83133163966957e-26,6.06720172222529e-23,3.90748340380023e-23,"SPI1/CD74/MMP14/LEP/PTN/SELPLG/CALR/S100A8/CTSG/THBS1/MIF/PLG/C3/S100A9/ICAM1/ITGAL/C1QBP/PRTN3/ITGA6/ITGB2/CD177/SAA1/BSG/SELE/SFTPD/VCAM1/S100A12/CXCL12/PPIA/SELP/THBS4/TNFAIP6/TREM2/LGMN/P4HB/C5/SPN/ADGRE2/CCL7/CXCL5",40,6,"GO_BP",215,FALSE
"GO:0006898","receptor-mediated endocytosis","30/214","279/18860",0.10752688172043,9.47643452919305,15.2810835022456,8.69268395176209e-21,1.43994309660939e-17,9.27372124748513e-18,"ADM/CLU/LRP1/RABEPK/C3/ITGAM/APOE/APOA5/HSPG2/ITGB2/FCER2/SELE/SFTPD/VTN/PCSK9/CD14/TF/APOC1/CD63/STAB1/CD36/MSR1/RAMP1/IGF2R/LRP2/VLDLR/STAB2/SCARF1/ASGR1/TFRC",30,6,"GO_BP",215,FALSE
"GO:0006935","chemotaxis","36/214","474/18860",0.0759493670886076,6.6934816041642,13.4492120705104,1.05658613988371e-19,1.0052238509798e-16,6.47398206725039e-17,"HDAC6/SPI1/CD74/PTN/CALR/S100A8/CTSG/THBS1/MIF/C3/S100A9/C1QBP/PLAUR/ITGB2/SAA1/BSG/SFTPD/RNASE2/VCAM1/S100A12/CCN1/CXCL12/PPIA/GPNMB/HMGB2/SERPIND1/THBS4/TNFAIP6/TREM2/F3/LGMN/C5/SPN/ADGRE2/CCL7/CXCL5",36,6,"GO_BP",215,FALSE
"GO:0042330","taxis","36/214","476/18860",0.0756302521008403,6.6653577318778,13.4117109747859,1.21367202050081e-19,1.0052238509798e-16,6.47398206725039e-17,"HDAC6/SPI1/CD74/PTN/CALR/S100A8/CTSG/THBS1/MIF/C3/S100A9/C1QBP/PLAUR/ITGB2/SAA1/BSG/SFTPD/RNASE2/VCAM1/S100A12/CCN1/CXCL12/PPIA/GPNMB/HMGB2/SERPIND1/THBS4/TNFAIP6/TREM2/F3/LGMN/C5/SPN/ADGRE2/CCL7/CXCL5",36,6,"GO_BP",215,FALSE
"GO:0007596","blood coagulation","27/214","243/18860",0.111111111111111,9.79231568016615,14.7783156038278,3.65273135125957e-19,2.42029979334459e-16,1.5587550418954e-16,"CTSG/THBS1/FGG/F2/F10/PLG/PROC/SERPINC1/TFPI/APOE/PLAUR/SAA1/SERPING1/VWF/VTN/KNG1/CD40LG/SERPINE2/PPIA/HGFAC/SELP/SERPIND1/F3/CD36/F5/APOH/PROCR",27,6,"GO_BP",215,FALSE
"GO:0050817","coagulation","27/214","248/18860",0.108870967741935,9.59488996080796,14.5963079119886,6.22323214622671e-19,3.43626135007485e-16,2.21306869480729e-16,"CTSG/THBS1/FGG/F2/F10/PLG/PROC/SERPINC1/TFPI/APOE/PLAUR/SAA1/SERPING1/VWF/VTN/KNG1/CD40LG/SERPINE2/PPIA/HGFAC/SELP/SERPIND1/F3/CD36/F5/APOH/PROCR",27,6,"GO_BP",215,FALSE
"GO:0007599","hemostasis","27/214","250/18860",0.108,9.5181308411215,14.5249451630248,7.67485166614067e-19,3.63239765284629e-16,2.33938711688228e-16,"CTSG/THBS1/FGG/F2/F10/PLG/PROC/SERPINC1/TFPI/APOE/PLAUR/SAA1/SERPING1/VWF/VTN/KNG1/CD40LG/SERPINE2/PPIA/HGFAC/SELP/SERPIND1/F3/CD36/F5/APOH/PROCR",27,6,"GO_BP",215,FALSE
"GO:0042060","wound healing","34/214","453/18860",0.0750551876379691,6.61467681706587,12.9585298958829,1.76784273891904e-18,7.32107874254848e-16,4.71502267340644e-16,"IGF1/DDR1/CTSG/THBS1/FGG/F2/F10/PLG/PROC/SERPINC1/TIMP1/SCARB1/TFPI/APOE/PLAUR/ITGB5/SAA1/COL5A1/SERPING1/CD44/VWF/VTN/KNG1/CD40LG/SERPINE2/PPIA/HGFAC/SELP/SERPIND1/F3/CD36/F5/APOH/PROCR",34,6,"GO_BP",215,FALSE
"GO:0097529","myeloid leukocyte migration","26/214","237/18860",0.109704641350211,9.66836231712607,14.3866535015906,2.38698345834189e-18,8.78675133054076e-16,5.65896546205733e-16,"SPI1/CD74/MMP14/S100A8/CTSG/THBS1/MIF/S100A9/C1QBP/PRTN3/ITGB2/CD177/SAA1/BSG/SFTPD/S100A12/CXCL12/PPIA/THBS4/TNFAIP6/TREM2/LGMN/C5/ADGRE2/CCL7/CXCL5",26,6,"GO_BP",215,FALSE
"GO:0016485","protein processing","26/214","248/18860",0.104838709677419,9.23952366596322,13.9928056118138,7.44820912370522e-18,2.46759168268354e-15,1.58921262039479e-15,"FURIN/CTSS/MMP14/CTSG/THBS1/FGG/PLG/ACE/MBL2/FCN3/ADAM9/PLAUR/PCSK9/SERPINE2/SPON1/HGFAC/SRGN/F3/MMP16/CPE/ENPEP/LGMN/P4HB/APOH/ENO1/MASP1",26,6,"GO_BP",215,FALSE
"GO:0016055","Wnt signaling pathway","34/49","487/18860",0.0698151950718686,26.8717261031723,29.5223739146831,3.56162452023182e-43,5.28188916350378e-40,3.53163189269302e-40,"ROR2/LRP6/DKK1/NDP/FZD8/WNT3A/FZD4/RYK/WNT10B/RACK1/KREMEN1/KREMEN2/RSPO2/PTK7/RNF43/WNT5B/FZD1/FZD7/WNT11/FZD5/DVL2/WNT16/FZD2/DKK4/IGFBP4/DKK2/WIF1/RSPO1/DKK3/CTHRC1/RSPO3/SFRP1/RSPO4/FZD10",34,7,"GO_BP",50,TRUE
"GO:0060070","canonical Wnt signaling pathway","29/49","333/18860",0.0870870870870871,33.5196420910707,30.557424801762,8.69003236561047e-39,6.44365899910016e-36,4.30842657284477e-36,"LRP6/DKK1/NDP/FZD8/WNT3A/FZD4/RYK/WNT10B/KREMEN1/RSPO2/PTK7/WNT5B/FZD1/FZD7/WNT11/FZD5/DVL2/WNT16/FZD2/DKK4/IGFBP4/DKK2/RSPO1/DKK3/CTHRC1/RSPO3/SFRP1/RSPO4/FZD10",29,7,"GO_BP",50,TRUE
"GO:0035567","non-canonical Wnt signaling pathway","16/49","69/18860",0.231884057971014,89.2517006802721,37.4821169148549,4.82243463657479e-28,2.38389018868014e-25,1.59394155356261e-25,"DKK1/FZD8/WNT3A/FZD4/RYK/WNT5B/FZD1/FZD7/WNT11/FZD5/DVL2/FZD2/CTHRC1/RSPO3/SFRP1/FZD10",16,7,"GO_BP",50,TRUE
"GO:0030111","regulation of Wnt signaling pathway","22/49","356/18860",0.0617977528089888,23.7858289383169,22.1517708564511,1.92039211302919e-25,7.11985375905571e-23,4.76055097493025e-23,"DKK1/WNT3A/WNT10B/RACK1/KREMEN1/RSPO2/PTK7/RNF43/WNT5B/FZD1/FZD7/WNT11/DKK4/IGFBP4/DKK2/WIF1/RSPO1/DKK3/CTHRC1/RSPO3/SFRP1/RSPO4",22,7,"GO_BP",50,TRUE
"GO:0060828","regulation of canonical Wnt signaling pathway","19/49","278/18860",0.0683453237410072,26.3059756276611,21.6945518926851,1.0870982739312e-22,3.22433348047995e-20,2.15588752430146e-20,"DKK1/WNT3A/WNT10B/KREMEN1/RSPO2/PTK7/WNT5B/FZD1/FZD7/WNT11/DKK4/IGFBP4/DKK2/RSPO1/DKK3/CTHRC1/RSPO3/SFRP1/RSPO4",19,7,"GO_BP",50,TRUE
"GO:0030178","negative regulation of Wnt signaling pathway","14/49","185/18860",0.0756756756756757,29.1274131274131,19.6217066923833,2.32306562311911e-17,5.74184386514274e-15,3.83917160873369e-15,"DKK1/RACK1/KREMEN1/RNF43/WNT5B/FZD1/WNT11/DKK4/IGFBP4/DKK2/WIF1/DKK3/CTHRC1/SFRP1",14,7,"GO_BP",50,TRUE
"GO:0060071","Wnt signaling pathway, planar cell polarity pathway","9/49","47/18860",0.191489361702128,73.7038645245332,25.4699930160258,3.13497754697541e-15,6.64167386023505e-13,4.44082533721931e-13,"DKK1/RYK/FZD7/WNT11/DVL2/FZD2/CTHRC1/RSPO3/SFRP1",9,7,"GO_BP",50,TRUE
"GO:0090090","negative regulation of canonical Wnt signaling pathway","11/49","150/18860",0.0733333333333333,28.225850340136,17.0860478080335,1.24942064686019e-13,2.31611352411707e-11,1.5486240122925e-11,"DKK1/KREMEN1/WNT5B/FZD1/WNT11/DKK4/IGFBP4/DKK2/DKK3/CTHRC1/SFRP1",11,7,"GO_BP",50,TRUE
"GO:0030177","positive regulation of Wnt signaling pathway","11/49","156/18860",0.0705128205128205,27.1402407116693,16.7323162070703,1.93041719448922e-13,3.18089855491946e-11,2.12684561077058e-11,"DKK1/WNT3A/WNT10B/RSPO2/PTK7/WNT5B/DKK2/RSPO1/RSPO3/SFRP1/RSPO4",11,7,"GO_BP",50,TRUE
"GO:1904948","midbrain dopaminergic neuron differentiation","6/49","17/18860",0.352941176470588,135.846338535414,28.3883416844897,2.71197401354171e-12,4.02185746208236e-10,2.6891363376382e-10,"LRP6/DKK1/WNT3A/RYK/FZD1/SFRP1",6,7,"GO_BP",50,FALSE
"GO:0051963","regulation of synapse assembly","35/79","181/18860",0.193370165745856,46.1640674173019,39.5976162935669,1.69197855585457e-50,1.30514967626769e-47,9.0379161792672e-48,"PTPRD/IL1RAP/NTRK3/NLGN1/NLGN4X/NLGN2/GPC4/PTPRS/NRXN1/NLGN3/LRFN4/LRFN5/LRRC4B/LRFN3/RTN4RL1/RTN4R/ADGRB1/SLITRK4/IL1RAPL1/LRRTM1/LRRTM2/LRRTM4/SLITRK1/SLITRK2/SLITRK3/SLITRK5/SLITRK6/CBLN1/CBLN2/GRID2/ADGRB2/ADGRB3/MDGA1/CLSTN1/CLSTN2",35,8,"GO_BP",79,TRUE
"GO:0007416","synapse assembly","39/79","284/18860",0.137323943661972,32.7839187020859,35.0029001870932,1.86449953752526e-50,1.30514967626769e-47,9.0379161792672e-48,"PTPRD/IL1RAP/NTRK3/NLGN1/NLGN4X/NLGN2/GPC4/PTPRS/NRXN1/KIRREL3/NLGN3/NLGN4Y/LRFN4/LRFN5/LRRC4B/LRFN3/RTN4RL1/RTN4R/ADGRB1/C1QL2/C1QL3/SLITRK4/IL1RAPL1/LRRTM1/LRRTM2/LRRTM4/SLITRK1/SLITRK2/SLITRK3/SLITRK5/SLITRK6/CBLN1/CBLN2/GRID2/ADGRB2/ADGRB3/MDGA1/CLSTN1/CLSTN2",39,8,"GO_BP",79,TRUE
"GO:0050807","regulation of synapse organization","40/79","322/18860",0.124223602484472,29.6564195298372,33.6381376274262,4.93661349946727e-50,2.30375296641806e-47,1.59530562561732e-47,"PTPRD/IL1RAP/NTRK3/NLGN1/DAG1/NLGN4X/NLGN2/GPC4/PTPRS/NRXN1/NLGN3/LRFN4/LRFN5/LRRC4B/LRFN2/LRFN3/RTN4RL1/RTN4R/ADGRB1/C1QL1/C1QL2/C1QL3/SLITRK4/IL1RAPL1/LRRTM1/LRRTM2/LRRTM4/SLITRK1/SLITRK2/SLITRK3/SLITRK5/SLITRK6/CBLN1/CBLN2/GRID2/ADGRB2/ADGRB3/MDGA1/CLSTN1/CLSTN2",40,8,"GO_BP",79,TRUE
"GO:0050803","regulation of synapse structure or activity","40/79","329/18860",0.121580547112462,29.0254318802662,33.2593957231891,1.21664724563534e-49,4.25826535972371e-47,2.94876871902672e-47,"PTPRD/IL1RAP/NTRK3/NLGN1/DAG1/NLGN4X/NLGN2/GPC4/PTPRS/NRXN1/NLGN3/LRFN4/LRFN5/LRRC4B/LRFN2/LRFN3/RTN4RL1/RTN4R/ADGRB1/C1QL1/C1QL2/C1QL3/SLITRK4/IL1RAPL1/LRRTM1/LRRTM2/LRRTM4/SLITRK1/SLITRK2/SLITRK3/SLITRK5/SLITRK6/CBLN1/CBLN2/GRID2/ADGRB2/ADGRB3/MDGA1/CLSTN1/CLSTN2",40,8,"GO_BP",79,TRUE
"GO:0051965","positive regulation of synapse assembly","27/79","72/18860",0.375,89.5253164556962,48.8097945853576,1.71195783532529e-47,4.79348193891081e-45,3.31939613965177e-45,"PTPRD/IL1RAP/NTRK3/NLGN1/NLGN2/NRXN1/NLGN3/LRRC4B/RTN4RL1/ADGRB1/SLITRK4/IL1RAPL1/LRRTM1/LRRTM2/LRRTM4/SLITRK1/SLITRK2/SLITRK3/SLITRK5/SLITRK6/CBLN1/CBLN2/GRID2/ADGRB2/ADGRB3/CLSTN1/CLSTN2",27,8,"GO_BP",79,TRUE
"GO:1901888","regulation of cell junction assembly","36/79","285/18860",0.126315789473684,30.1558960692871,32.1660647466322,6.67879975323885e-45,1.55838660908907e-42,1.0791534338128e-42,"PTPRD/IL1RAP/IL1B/NTRK3/NLGN1/NLGN4X/NLGN2/GPC4/PTPRS/NRXN1/NLGN3/LRFN4/LRFN5/LRRC4B/LRFN3/RTN4RL1/RTN4R/ADGRB1/SLITRK4/IL1RAPL1/LRRTM1/LRRTM2/LRRTM4/SLITRK1/SLITRK2/SLITRK3/SLITRK5/SLITRK6/CBLN1/CBLN2/GRID2/ADGRB2/ADGRB3/MDGA1/CLSTN1/CLSTN2",36,8,"GO_BP",79,FALSE
"GO:1901890","positive regulation of cell junction assembly","27/79","120/18860",0.225,53.7151898734177,37.5712050232194,1.70096416242777e-40,3.40192832485554e-38,2.35577141894132e-38,"PTPRD/IL1RAP/NTRK3/NLGN1/NLGN2/NRXN1/NLGN3/LRRC4B/RTN4RL1/ADGRB1/SLITRK4/IL1RAPL1/LRRTM1/LRRTM2/LRRTM4/SLITRK1/SLITRK2/SLITRK3/SLITRK5/SLITRK6/CBLN1/CBLN2/GRID2/ADGRB2/ADGRB3/CLSTN1/CLSTN2",27,8,"GO_BP",79,FALSE
"GO:0099054","presynapse assembly","21/79","46/18860",0.456521739130435,108.987341772152,47.5581241444139,4.06010032768745e-39,7.10517557345304e-37,4.9202005286844e-37,"PTPRD/IL1RAP/NTRK3/NLGN1/NLGN4X/NLGN2/GPC4/NRXN1/NLGN3/NLGN4Y/LRFN4/LRFN5/LRRC4B/LRFN3/IL1RAPL1/SLITRK1/SLITRK2/SLITRK3/CBLN1/GRID2/MDGA1",21,8,"GO_BP",79,TRUE
"GO:0099172","presynapse organization","21/79","57/18860",0.368421052631579,87.9546968687542,42.641298361484,1.20709764111326e-36,1.87770744173174e-34,1.30027710814657e-34,"PTPRD/IL1RAP/NTRK3/NLGN1/NLGN4X/NLGN2/GPC4/NRXN1/NLGN3/NLGN4Y/LRFN4/LRFN5/LRRC4B/LRFN3/IL1RAPL1/SLITRK1/SLITRK2/SLITRK3/CBLN1/GRID2/MDGA1",21,8,"GO_BP",79,TRUE
"GO:0051962","positive regulation of nervous system development","29/79","291/18860",0.0996563573883162,23.7913784853626,25.4118538680078,1.18178456841716e-32,1.65449839578402e-30,1.14570903948653e-30,"PTPRD/IL1RAP/IL1B/NTRK3/NLGN1/DAG1/NLGN2/NRXN1/NLGN3/LRRC4B/RTN4RL1/ADGRB1/SLITRK4/IL1RAPL1/LRRTM1/LRRTM2/LRRTM4/SLITRK1/SLITRK2/SLITRK3/SLITRK5/SLITRK6/CBLN1/CBLN2/GRID2/ADGRB2/ADGRB3/CLSTN1/CLSTN2",29,8,"GO_BP",79,FALSE
"GO:0007178","cell surface receptor protein serine/threonine kinase signaling pathway","43/61","446/18860",0.0964125560538117,29.8088656913916,35.0732808325931,1.37366068790543e-56,2.9080396762958e-53,1.36498493619234e-53,"SMAD2/SMAD4/NEO1/TGFBR2/DAB2/TGFB1/TGFB3/TGFB2/SKIL/BMPR1B/BAMBI/ACVR2B/BMPR2/INHBA/BMP7/BMP6/BMP4/SMURF1/SMAD5/NODAL/BMP15/ENG/GDF2/FST/NOG/ACVR2A/BMPR1A/MSTN/BMP10/RGMA/INHA/TGFBR3/AMH/INHBB/RGMB/GDF9/CFC1/LEFTY2/BMP5/GDF10/ACVRL1/HJV/GREM2",43,9,"GO_BP",62,TRUE
"GO:0141091","transforming growth factor beta receptor superfamily signaling pathway","40/61","411/18860",0.097323600973236,30.0905428582825,33.9659053468124,4.03973924599221e-52,4.27606399188276e-49,2.00711255169297e-49,"SMAD2/SMAD4/NEO1/TGFBR2/DAB2/TGFB1/TGFB3/TGFB2/SKIL/BMPR1B/BAMBI/ACVR2B/BMPR2/INHBA/BMP7/BMP6/BMP4/SMURF1/SMAD5/NODAL/ENG/GDF2/FST/NOG/ACVR2A/BMPR1A/MSTN/BMP10/RGMA/TGFBR3/INHBB/RGMB/GDF9/CFC1/LEFTY2/BMP5/GDF10/ACVRL1/HJV/GREM2",40,9,"GO_BP",62,FALSE
"GO:0060391","positive regulation of SMAD protein signal transduction","21/61","42/18860",0.5,154.590163934426,56.76206554705,5.30640477724886e-43,3.74455297114528e-40,1.75763021393787e-40,"SMAD4/TGFBR2/DAB2/TGFB1/TGFB3/TGFB2/BMPR2/INHBA/BMP7/BMP6/BMP4/NODAL/ENG/GDF2/ACVR2A/BMPR1A/BMP10/TGFBR3/AMH/BMP5/ACVRL1",21,9,"GO_BP",62,FALSE
"GO:0030509","BMP signaling pathway","28/61","179/18860",0.156424581005587,48.3634032420551,36.2682190137655,3.77214342979332e-41,1.99640691021811e-38,9.37079841506551e-39,"SMAD2/SMAD4/NEO1/SKIL/BMPR1B/BAMBI/ACVR2B/BMPR2/BMP7/BMP6/BMP4/SMURF1/SMAD5/ENG/GDF2/FST/NOG/ACVR2A/BMPR1A/BMP10/RGMA/TGFBR3/RGMB/LEFTY2/BMP5/ACVRL1/HJV/GREM2",28,9,"GO_BP",62,FALSE
"GO:0090092","regulation of transmembrane receptor protein serine/threonine kinase signaling pathway","32/61","331/18860",0.0966767371601208,29.890545292457,30.2065147560453,1.99229138613221e-40,8.4353617288838e-38,3.95941698633434e-38,"SMAD2/SMAD4/NEO1/TGFBR2/DAB2/TGFB1/TGFB3/TGFB2/SKIL/BAMBI/ACVR2B/BMPR2/INHBA/BMP7/BMP6/BMP4/SMURF1/NODAL/ENG/GDF2/FST/NOG/ACVR2A/BMPR1A/BMP10/RGMA/TGFBR3/AMH/BMP5/ACVRL1/HJV/GREM2",32,9,"GO_BP",62,TRUE
"GO:0071772","response to BMP","28/61","192/18860",0.145833333333333,45.0887978142077,34.9773456658287,3.07978604399476e-40,9.31415293590986e-38,4.37190680530985e-38,"SMAD2/SMAD4/NEO1/SKIL/BMPR1B/BAMBI/ACVR2B/BMPR2/BMP7/BMP6/BMP4/SMURF1/SMAD5/ENG/GDF2/FST/NOG/ACVR2A/BMPR1A/BMP10/RGMA/TGFBR3/RGMB/LEFTY2/BMP5/ACVRL1/HJV/GREM2",28,9,"GO_BP",62,FALSE
"GO:0071773","cellular response to BMP stimulus","28/61","192/18860",0.145833333333333,45.0887978142077,34.9773456658287,3.07978604399476e-40,9.31415293590986e-38,4.37190680530985e-38,"SMAD2/SMAD4/NEO1/SKIL/BMPR1B/BAMBI/ACVR2B/BMPR2/BMP7/BMP6/BMP4/SMURF1/SMAD5/ENG/GDF2/FST/NOG/ACVR2A/BMPR1A/BMP10/RGMA/TGFBR3/RGMB/LEFTY2/BMP5/ACVRL1/HJV/GREM2",28,9,"GO_BP",62,FALSE
"GO:0060395","SMAD protein signal transduction","24/61","100/18860",0.24,74.2032786885246,41.8091164604451,6.30354772654407e-40,1.66807631713672e-37,7.82966980770737e-38,"SMAD2/SMAD4/TGFBR2/DAB2/TGFB1/TGFB3/TGFB2/BMPR2/INHBA/BMP7/BMP6/BMP4/SMAD5/NODAL/ENG/GDF2/NOG/ACVR2A/BMPR1A/BMP10/TGFBR3/AMH/BMP5/ACVRL1",24,9,"GO_BP",62,FALSE
"GO:0090100","positive regulation of transmembrane receptor protein serine/threonine kinase signaling pathway","24/61","111/18860",0.216216216216216,66.8498006202924,39.6354481487463,1.04321619635834e-38,2.45387631965623e-36,1.15180829165178e-36,"SMAD2/SMAD4/NEO1/TGFBR2/DAB2/TGFB1/TGFB3/TGFB2/ACVR2B/BMPR2/INHBA/BMP7/BMP6/BMP4/NODAL/ENG/GDF2/ACVR2A/BMPR1A/BMP10/TGFBR3/AMH/BMP5/ACVRL1",24,9,"GO_BP",62,TRUE
"GO:0060390","regulation of SMAD protein signal transduction","22/61","84/18860",0.261904761904762,80.975800156128,41.8459635516788,1.80964651245954e-37,3.83102166687684e-35,1.79821716606506e-35,"SMAD4/TGFBR2/DAB2/TGFB1/TGFB3/TGFB2/BMPR2/INHBA/BMP7/BMP6/BMP4/NODAL/ENG/GDF2/NOG/ACVR2A/BMPR1A/BMP10/TGFBR3/AMH/BMP5/ACVRL1",22,9,"GO_BP",62,FALSE
"GO:0001909","leukocyte mediated cytotoxicity","22/149","157/18860",0.140127388535032,17.7369298508101,18.7920409537564,1.79333937527641e-21,3.06661033172265e-18,2.28792349772106e-18,"B2M/HLA-G/KLRK1/ULBP2/CD226/NECTIN2/PVR/CD1B/HLA-C/CD1D/HLA-E/ULBP1/RAET1L/IGHG1/LILRB1/NCR1/FCGR1A/FCGR3B/KIR2DL4/KIR3DL1/CD1A/KLRC3",22,10,"GO_BP",152,FALSE
"GO:0001910","regulation of leukocyte mediated cytotoxicity","18/149","101/18860",0.178217821782178,22.5583095222274,19.3853886870768,1.07144680260703e-19,9.16087016229007e-17,6.83470276189324e-17,"B2M/HLA-G/KLRK1/ULBP2/CD226/NECTIN2/PVR/CD1B/HLA-C/CD1D/HLA-E/ULBP1/RAET1L/LILRB1/NCR1/KIR2DL4/CD1A/KLRC3",18,10,"GO_BP",152,FALSE
"GO:0031341","regulation of cell killing","18/149","112/18860",0.160714285714286,20.3427612655801,18.3212025311956,7.57138584375029e-19,4.31568993093767e-16,3.21983145355276e-16,"B2M/HLA-G/KLRK1/ULBP2/CD226/NECTIN2/PVR/CD1B/HLA-C/CD1D/HLA-E/ULBP1/RAET1L/LILRB1/NCR1/KIR2DL4/CD1A/KLRC3",18,10,"GO_BP",152,FALSE
"GO:0001912","positive regulation of leukocyte mediated cytotoxicity","15/149","70/18860",0.214285714285714,27.1236816874401,19.5399738579408,7.06253801244988e-18,3.01923500032233e-15,2.25257791344454e-15,"B2M/HLA-G/KLRK1/ULBP2/CD226/NECTIN2/PVR/CD1B/HLA-C/CD1D/HLA-E/ULBP1/RAET1L/CD1A/KLRC3",15,10,"GO_BP",152,FALSE
"GO:0031343","positive regulation of cell killing","15/149","73/18860",0.205479452054795,26.0090098372713,19.1043899795694,1.39526905972238e-17,4.77182018425053e-15,3.56013915870215e-15,"B2M/HLA-G/KLRK1/ULBP2/CD226/NECTIN2/PVR/CD1B/HLA-C/CD1D/HLA-E/ULBP1/RAET1L/CD1A/KLRC3",15,10,"GO_BP",152,FALSE
"GO:0002708","positive regulation of lymphocyte mediated immunity","18/149","137/18860",0.131386861313869,16.630578552883,16.3851938337609,3.17671828435788e-17,9.05364711041995e-15,6.75470624673991e-15,"IL6/B2M/HLA-G/KLRK1/ULBP2/CD226/NECTIN2/PVR/CD1B/HLA-C/CD1D/HLA-E/ULBP1/RAET1L/FCGR1A/KIR2DL4/CD1A/KLRC3",18,10,"GO_BP",152,FALSE
"GO:0001914","regulation of T cell mediated cytotoxicity","13/149","48/18860",0.270833333333333,34.2813199105145,20.6019173455801,4.17220985888257e-17,9.67295333121667e-15,7.21675557859932e-15,"B2M/HLA-G/ULBP2/NECTIN2/PVR/CD1B/HLA-C/CD1D/HLA-E/ULBP1/RAET1L/LILRB1/CD1A",13,10,"GO_BP",152,FALSE
"GO:0001906","cell killing","23/149","281/18860",0.0818505338078292,10.3604098497695,14.1071999724114,4.52535828361014e-17,9.67295333121667e-15,7.21675557859932e-15,"B2M/HLA-G/KLRK1/ULBP2/CD226/NECTIN2/PVR/CD1B/HLA-C/CD1D/HLA-E/ULBP1/MICB/RAET1L/IGHG1/LILRB1/NCR1/FCGR1A/FCGR3B/KIR2DL4/KIR3DL1/CD1A/KLRC3",23,10,"GO_BP",152,FALSE
"GO:0001916","positive regulation of T cell mediated cytotoxicity","12/149","38/18860",0.31578947368421,39.9717414341222,21.459158687203,8.55604181878056e-17,1.62564794556831e-14,1.21285645431135e-14,"B2M/HLA-G/ULBP2/NECTIN2/PVR/CD1B/HLA-C/CD1D/HLA-E/ULBP1/RAET1L/CD1A",12,10,"GO_BP",152,FALSE
"GO:0002706","regulation of lymphocyte mediated immunity","20/149","204/18860",0.0980392156862745,12.409527569417,14.6210123635404,1.74398674292223e-16,2.98221733039701e-14,2.22495992886499e-14,"IL6/B2M/HLA-G/KLRK1/ULBP2/CD226/NECTIN2/PVR/CD1B/HLA-C/CD1D/HLA-E/ULBP1/RAET1L/LILRB1/NCR1/FCGR1A/KIR2DL4/CD1A/KLRC3",20,10,"GO_BP",152,FALSE
"GO:0034332","adherens junction organization","6/43","60/18860",0.1,43.8604651162791,15.89541773636,4.46206884921447e-09,4.8718563886964e-06,3.1091009507671e-06,"CTNNB1/CDH2/CDH15/CDH7/CDH6/CDH12",6,11,"GO_BP",43,FALSE
"GO:0044331","cell-cell adhesion mediated by cadherin","6/43","64/18860",0.09375,41.1191860465116,15.3683678735595,6.63740652410954e-09,4.8718563886964e-06,3.1091009507671e-06,"CTNNB1/CDH2/CDH15/CDH7/CDH6/CDH12",6,11,"GO_BP",43,FALSE
"GO:0016339","calcium-dependent cell-cell adhesion via plasma membrane cell adhesion molecules","5/43","48/18860",0.104166666666667,45.687984496124,14.8187737350227,7.71508475968491e-08,3.77524814240582e-05,2.40927208284897e-05,"CDH2/CDH15/CDH7/CDH6/CDH12",5,11,"GO_BP",43,TRUE
"GO:0018205","peptidyl-lysine modification","6/43","129/18860",0.0465116279069767,20.4002163331531,10.5691317490805,4.51324923997006e-07,0.000165636247106901,0.000105705047988773,"CTNNB1/SUMO2/SIRT2/BAG6/SUMO3/STX1A",6,11,"GO_BP",43,FALSE
"GO:0007043","cell-cell junction assembly","6/43","162/18860",0.037037037037037,16.244616709733,9.31525621595682,1.71568081439947e-06,0.000503723887107684,0.000321464405224322,"CTNNB1/CDH2/CDH15/CDH7/CDH6/CDH12",6,11,"GO_BP",43,FALSE
"GO:0018193","peptidyl-amino acid modification","8/43","404/18860",0.0198019801980198,8.68524061708496,7.46444851258584,3.11133583340062e-06,0.000761240167238686,0.000485805068723957,"CTNNB1/SUMO2/SIRT2/BAG6/SUMO3/STX1A/PCK1/WNK3",8,11,"GO_BP",43,FALSE
"GO:0097193","intrinsic apoptotic signaling pathway","7/43","335/18860",0.0208955223880597,9.16487330787921,7.20793914073066,9.74588685304367e-06,0.0020438517000383,0.00130433673672314,"CTNNB1/EPO/USP28/FHIT/BAG6/CUL1/DAPK2",7,11,"GO_BP",43,FALSE
"GO:0045216","cell-cell junction organization","6/43","226/18860",0.0265486725663717,11.6443712698086,7.69554804082337,1.16608917045574e-05,0.00213977362778629,0.00136555179171791,"CTNNB1/CDH2/CDH15/CDH7/CDH6/CDH12",6,11,"GO_BP",43,FALSE
"GO:0016925","protein sumoylation","4/43","68/18860",0.0588235294117647,25.8002735978112,9.79360969483186,1.71542311940703e-05,0.00279804571032169,0.00178564511844709,"CTNNB1/SUMO2/SUMO3/STX1A",4,11,"GO_BP",43,FALSE
"GO:0035493","SNARE complex assembly","3/43","24/18860",0.125,54.8255813953488,12.612999400827,2.1609484678914e-05,0.00317227235086457,0.00202446751202457,"STX1A/VAMP2/STX4",3,11,"GO_BP",43,FALSE
"GO:0097485","neuron projection guidance","51/101","244/18860",0.209016393442623,39.0301899042363,43.8728045672144,2.34358445562308e-70,4.09892921288477e-67,2.99238731017979e-67,"PLXNA1/EFNA5/GDNF/FGF8/EPHA6/EFNA2/EPHA5/EPHB3/EFNB3/EFNA1/EFNA3/EFNA4/EPHA7/EPHA8/EPHA4/EPHA3/EFNB2/EPHB1/EFNB1/EPHB2/L1CAM/SEMA3B/SEMA7A/SEMA3A/EPHB6/ARTN/CHL1/NFASC/NRCAM/ALCAM/NCAM1/SEMA4A/SEMA6A/SEMA6B/SEMA4C/SEMA3E/EPHA10/SEMA3G/ANOS1/SEMA6D/CNTN2/SEMA5B/SEMA4G/CNTN4/SEMA4B/SEMA6C/CNTN5/NRP2/NRP1/PLXNA4/GFRA3",51,12,"GO_BP",102,FALSE
"GO:0007411","axon guidance","50/101","243/18860",0.205761316872428,38.422360754594,43.0818797271649,1.78885748743982e-68,1.56435587276612e-65,1.14204428013921e-65,"EFNA5/GDNF/FGF8/EPHA6/EFNA2/EPHA5/EPHB3/EFNB3/EFNA1/EFNA3/EFNA4/EPHA7/EPHA8/EPHA4/EPHA3/EFNB2/EPHB1/EFNB1/EPHB2/L1CAM/SEMA3B/SEMA7A/SEMA3A/EPHB6/ARTN/CHL1/NFASC/NRCAM/ALCAM/NCAM1/SEMA4A/SEMA6A/SEMA6B/SEMA4C/SEMA3E/EPHA10/SEMA3G/ANOS1/SEMA6D/CNTN2/SEMA5B/SEMA4G/CNTN4/SEMA4B/SEMA6C/CNTN5/NRP2/NRP1/PLXNA4/GFRA3",50,12,"GO_BP",102,TRUE
"GO:0007409","axonogenesis","57/101","472/18860",0.120762711864407,22.5503440174526,34.7914985013835,5.46072239961235e-65,3.183601158974e-62,2.3241600949929e-62,"EFNA5/GDNF/FGF8/EPHA6/EFNA2/EPHA5/EPHB3/EFNB3/EFNA1/EFNA3/EFNA4/EPHA7/EPHA8/EPHA4/EPHA3/EFNB2/EPHB1/EFNB1/EPHB2/L1CAM/SEMA3B/PLXNC1/SEMA7A/FGFR2/SEMA3A/EPHB6/ARTN/CHL1/NFASC/NRCAM/ALCAM/NCAM1/SEMA4A/APLP2/SEMA6A/SEMA6B/PLXND1/PLXNB2/SEMA4C/SEMA3E/EPHA10/SEMA3G/ANOS1/SEMA6D/CNTN2/SEMA5B/SEMA4G/APLP1/CNTN4/SEMA4B/SEMA6C/CNTN5/NRP2/NRP1/PLXNB3/PLXNA4/GFRA3",57,12,"GO_BP",102,TRUE
"GO:0071526","semaphorin-plexin signaling pathway","24/101","49/18860",0.489795918367347,91.46090119216,46.5230505208594,9.20035807207259e-43,4.02285656701374e-40,2.93685114248001e-40,"PLXNA1/GDNF/SEMA3B/PLXNC1/SEMA7A/SEMA3A/NCAM1/SEMA4A/SEMA6A/SEMA6B/PLXND1/PLXNB2/SEMA4C/SEMA3E/SEMA3G/SEMA6D/SEMA5B/SEMA4G/SEMA4B/SEMA6C/NRP2/NRP1/PLXNB3/PLXNA4",24,12,"GO_BP",102,FALSE
"GO:0048013","ephrin receptor signaling pathway","21/101","53/18860",0.39622641509434,73.9884177096955,39.0433700340745,6.08111632736307e-35,2.1271744913116e-32,1.55292507475608e-32,"EFNA5/EPHA6/EFNA2/EPHA2/EPHA5/EPHB3/EFNB3/EFNA1/EFNA3/EFNA4/EPHA7/EPHA8/EPHA4/EPHA3/EFNB2/EPHB4/EPHB1/EFNB1/EPHB2/EPHB6/EPHA10",21,12,"GO_BP",102,FALSE
"GO:0006935","chemotaxis","36/101","474/18860",0.0759493670886076,14.1822283494172,21.3279713577786,4.6896596064659e-32,1.36216242605177e-29,9.9443472829635e-30,"HGF/ADAM10/EFNA5/GDNF/FGF2/FGF4/FGF7/FGF8/EPHA2/EPHA7/EFNB2/EPHB1/L1CAM/FGFR1/SEMA3B/SEMA7A/SEMA3A/ARTN/FGF16/PGF/SEMA4A/SEMA6A/SEMA6B/SEMA4C/SEMA3E/SEMA3G/ANOS1/SEMA6D/SEMA5B/SEMA4G/SEMA4B/SEMA6C/NRP2/NRP1/PLXNB3/PLXNA4",36,12,"GO_BP",102,FALSE
"GO:0042330","taxis","36/101","476/18860",0.0756302521008403,14.1226391546718,21.2774624586554,5.45176499849194e-32,1.36216242605177e-29,9.9443472829635e-30,"HGF/ADAM10/EFNA5/GDNF/FGF2/FGF4/FGF7/FGF8/EPHA2/EPHA7/EFNB2/EPHB1/L1CAM/FGFR1/SEMA3B/SEMA7A/SEMA3A/ARTN/FGF16/PGF/SEMA4A/SEMA6A/SEMA6B/SEMA4C/SEMA3E/SEMA3G/ANOS1/SEMA6D/SEMA5B/SEMA4G/SEMA4B/SEMA6C/NRP2/NRP1/PLXNB3/PLXNA4",36,12,"GO_BP",102,FALSE
"GO:0050919","negative chemotaxis","18/101","46/18860",0.391304347826087,73.0693069306931,35.9090459765029,6.62524579052871e-30,1.44844436095434e-27,1.05742409788307e-27,"EFNA5/EPHA7/SEMA3B/SEMA7A/SEMA3A/SEMA4A/SEMA6A/SEMA6B/SEMA4C/SEMA3E/SEMA3G/SEMA6D/SEMA5B/SEMA4G/SEMA4B/SEMA6C/NRP2/PLXNA4",18,12,"GO_BP",102,FALSE
"GO:0001755","neural crest cell migration","19/101","59/18860",0.322033898305085,60.1342507132069,33.3802668965653,1.37783923167921e-29,2.6776009068966e-27,1.95475905032384e-27,"GDNF/EFNB1/FGF19/SEMA3B/SEMA7A/SEMA3A/SEMA4A/SEMA6A/SEMA6B/SEMA4C/SEMA3E/SEMA3G/SEMA6D/SEMA5B/SEMA4G/SEMA4B/SEMA6C/NRP2/NRP1",19,12,"GO_BP",102,FALSE
"GO:0090497","mesenchymal cell migration","19/101","61/18860",0.311475409836066,58.1626359357247,32.8114154786986,2.90430294403247e-29,5.07962584911279e-27,3.70833628538041e-27,"GDNF/EFNB1/FGF19/SEMA3B/SEMA7A/SEMA3A/SEMA4A/SEMA6A/SEMA6B/SEMA4C/SEMA3E/SEMA3G/SEMA6D/SEMA5B/SEMA4G/SEMA4B/SEMA6C/NRP2/NRP1",19,12,"GO_BP",102,FALSE
"GO:0007596","blood coagulation","6/20","243/18860",0.0246913580246914,23.283950617284,11.3913279109335,1.43323226898609e-07,2.31770107219008e-05,1.35587631279859e-05,"ANGPT4/ANGPT2/ANGPT1/ANGPTL4/SVEP1/PEAR1",6,14,"GO_BP",20,FALSE
"GO:0007157","heterophilic cell-cell adhesion via plasma membrane cell adhesion molecules","4/20","46/18860",0.0869565217391304,82,17.9207938390374,1.45802969404236e-07,2.31770107219008e-05,1.35587631279859e-05,"CADM3/CADM1/CRTAM/NECTIN1",4,14,"GO_BP",20,FALSE
"GO:0050817","coagulation","6/20","248/18860",0.0241935483870968,22.8145161290323,11.2670126422767,1.61638299834074e-07,2.31770107219008e-05,1.35587631279859e-05,"ANGPT4/ANGPT2/ANGPT1/ANGPTL4/SVEP1/PEAR1",6,14,"GO_BP",20,FALSE
"GO:0007599","hemostasis","6/20","250/18860",0.024,22.632,11.21830829569,1.69484539099823e-07,2.31770107219008e-05,1.35587631279859e-05,"ANGPT4/ANGPT2/ANGPT1/ANGPTL4/SVEP1/PEAR1",6,14,"GO_BP",20,FALSE
"GO:0098742","cell-cell adhesion via plasma-membrane adhesion molecules","6/20","279/18860",0.021505376344086,20.2795698924731,10.5705790862519,3.23426044548432e-07,3.53828092735984e-05,2.06992668510996e-05,"CDH11/CADM3/CADM1/CRTAM/NECTIN1/CADM2",6,14,"GO_BP",20,FALSE
"GO:0016525","negative regulation of angiogenesis","5/20","163/18860",0.0306748466257669,28.9263803680982,11.6669239249495,6.33010660354057e-07,4.46812951412883e-05,2.61389660789986e-05,"HHEX/ANGPT4/ANGPT2/TEK/TIE1",5,14,"GO_BP",20,FALSE
"GO:2000181","negative regulation of blood vessel morphogenesis","5/20","165/18860",0.0303030303030303,28.5757575757576,11.5915247984677,6.72424121344673e-07,4.46812951412883e-05,2.61389660789986e-05,"HHEX/ANGPT4/ANGPT2/TEK/TIE1",5,14,"GO_BP",20,FALSE
"GO:1901343","negative regulation of vasculature development","5/20","167/18860",0.029940119760479,28.2335329341317,11.5174569153699,7.13753905672682e-07,4.46812951412883e-05,2.61389660789986e-05,"HHEX/ANGPT4/ANGPT2/TEK/TIE1",5,14,"GO_BP",20,FALSE
"GO:0007156","homophilic cell adhesion via plasma membrane adhesion molecules","5/20","168/18860",0.0297619047619048,28.0654761904762,11.4809098293786,7.35158420971836e-07,4.46812951412883e-05,2.61389660789986e-05,"CDH11/CADM3/CADM1/NECTIN1/CADM2",5,14,"GO_BP",20,FALSE
"GO:0045766","positive regulation of angiogenesis","5/20","191/18860",0.0261780104712042,24.6858638743456,10.7196168731823,1.38520156126729e-06,7.08356415829891e-05,4.1439497818202e-05,"ANGPT4/ANGPT2/TEK/TIE1/ANGPTL4",5,14,"GO_BP",20,FALSE
"GO:0006085","acetyl-CoA biosynthetic process","3/21","23/18860",0.130434782608696,117.142857142857,18.6076106098072,2.07704168066935e-06,0.00174536623687994,0.00106365809449747,"ACAT1/PDP1/PDHA2",3,15,"GO_BP",22,FALSE
"GO:0045862","positive regulation of proteolysis","5/21","210/18860",0.0238095238095238,21.3832199546485,9.91706306022697,2.87204068400691e-06,0.00174536623687994,0.00106365809449747,"TNF/SIRT6/GRN/VSIR/TNFRSF1B",5,15,"GO_BP",22,FALSE
"GO:0071356","cellular response to tumor necrosis factor","5/21","226/18860",0.0221238938053097,19.8693636746734,9.5279283677372,4.1131961591829e-06,0.00174536623687994,0.00106365809449747,"TNF/BAG4/TNFRSF1B/TNFRSF1A/TNFRSF21",5,15,"GO_BP",22,FALSE
"GO:0034612","response to tumor necrosis factor","5/21","244/18860",0.0204918032786885,18.4035909445745,9.13546482267386,5.97669202666098e-06,0.00190208223748486,0.00115916369043399,"TNF/BAG4/TNFRSF1B/TNFRSF1A/TNFRSF21",5,15,"GO_BP",22,FALSE
"GO:0006084","acetyl-CoA metabolic process","3/21","40/18860",0.075,67.3571428571429,14.0264548790606,1.14471380804538e-05,0.00265428166536794,0.00161756777390844,"ACAT1/PDP1/PDHA2",3,15,"GO_BP",22,FALSE
"GO:0006090","pyruvate metabolic process","4/21","132/18860",0.0303030303030303,27.2150072150072,10.0909325066678,1.25103613450178e-05,0.00265428166536794,0.00161756777390844,"SIRT6/PDP1/PDHA2/ME1",4,15,"GO_BP",22,FALSE
"GO:0150077","regulation of neuroinflammatory response","3/21","46/18860",0.0652173913043478,58.5714285714286,13.0522506944439,1.75124128954102e-05,0.00317056312663853,0.00193219913534758,"TNF/GRN/TNFRSF1B",3,15,"GO_BP",22,FALSE
"GO:0031641","regulation of myelination","3/21","48/18860",0.0625,56.1309523809524,12.7684647877485,1.9924984299378e-05,0.00317056312663853,0.00193219913534758,"TNF/TNFRSF1B/TNFRSF21",3,15,"GO_BP",22,FALSE
"GO:0035384","thioester biosynthetic process","3/21","53/18860",0.0566037735849057,50.8355795148248,12.1299145069355,2.68903044510275e-05,0.0034231357566158,0.00208612151372708,"ACAT1/PDP1/PDHA2",3,15,"GO_BP",22,FALSE
"GO:0071616","acyl-CoA biosynthetic process","3/21","53/18860",0.0566037735849057,50.8355795148248,12.1299145069355,2.68903044510275e-05,0.0034231357566158,0.00208612151372708,"ACAT1/PDP1/PDHA2",3,15,"GO_BP",22,FALSE
"GO:0098586","cellular response to virus","8/30","89/18860",0.0898876404494382,56.5093632958801,20.9513659213206,9.58527251689964e-13,2.62443395905322e-10,1.54548926554477e-10,"TYK2/IFNAR1/IFNB1/IFNW1/IFNA4/IFNA6/IFNA10/IFNA8",8,16,"GO_BP",30,FALSE
"GO:0060337","type I interferon-mediated signaling pathway","8/30","92/18860",0.0869565217391304,54.6666666666667,20.5960688622647,1.25935712342331e-12,2.62443395905322e-10,1.54548926554477e-10,"TYK2/IFNAR1/IFNB1/IFNW1/IFNA4/IFNA6/IFNA10/IFNA8",8,16,"GO_BP",30,FALSE
"GO:0071357","cellular response to type I interferon","8/30","93/18860",0.0860215053763441,54.078853046595,20.4814346791129,1.37645137712581e-12,2.62443395905322e-10,1.54548926554477e-10,"TYK2/IFNAR1/IFNB1/IFNW1/IFNA4/IFNA6/IFNA10/IFNA8",8,16,"GO_BP",30,FALSE
"GO:0034340","response to type I interferon","8/30","99/18860",0.0808080808080808,50.8013468013468,19.8301267863681,2.29948007510329e-12,3.2882565073977e-10,1.93640427377119e-10,"TYK2/IFNAR1/IFNB1/IFNW1/IFNA4/IFNA6/IFNA10/IFNA8",8,16,"GO_BP",30,FALSE
"GO:0097696","cell surface receptor signaling pathway via STAT","9/30","165/18860",0.0545454545454545,34.2909090909091,17.1435078161479,2.94629510825252e-12,3.37056160384088e-10,1.98487249398064e-10,"TYK2/IL6ST/LIF/IFNAR1/IFNB1/CNTF/OSM/CTF1/CRLF1",9,16,"GO_BP",30,FALSE
"GO:0030101","natural killer cell activation","8/30","107/18860",0.0747663551401869,47.0031152647975,19.0475249936008,4.34166696009853e-12,4.13905583529393e-10,2.43742706531847e-10,"TYK2/IFNB1/IFNW1/IFNA4/IFNA6/IFNA10/IFNA8/IL21R",8,16,"GO_BP",30,FALSE
"GO:0002323","natural killer cell activation involved in immune response","6/30","30/18860",0.2,125.733333333333,27.2905817394557,5.49907713721595e-12,4.4935316035536e-10,2.64617245700617e-10,"IFNB1/IFNW1/IFNA4/IFNA6/IFNA10/IFNA8",6,16,"GO_BP",30,FALSE
"GO:0140888","interferon-mediated signaling pathway","8/30","121/18860",0.0661157024793388,41.564738292011,17.8674656393143,1.18112037123786e-11,8.44501065435072e-10,4.97313840521206e-10,"TYK2/IFNAR1/IFNB1/IFNW1/IFNA4/IFNA6/IFNA10/IFNA8",8,16,"GO_BP",30,FALSE
"GO:0043330","response to exogenous dsRNA","6/30","47/18860",0.127659574468085,80.2553191489362,21.7141642193702,9.76130820688462e-11,6.20385366037556e-09,3.65335511836617e-09,"IFNB1/IFNW1/IFNA4/IFNA6/IFNA10/IFNA8",6,16,"GO_BP",30,FALSE
"GO:0043331","response to dsRNA","6/30","55/18860",0.109090909090909,68.5818181818182,20.0340772973491,2.61245226195795e-10,1.47451039043746e-08,8.68316755502367e-09,"IFNB1/IFNW1/IFNA4/IFNA6/IFNA10/IFNA8",6,16,"GO_BP",30,FALSE
