"gene","n_interactions","rho_median","rho_mean"
"SRC",216,-0.153056455923214,-0.153056455923214
"GSK3B",202,-0.227161871991544,-0.227161871991544
"MAPK14",157,0.134176318315386,0.134176318315386
"CSNK2A1",127,-0.355484608303679,-0.355484608303679
"MAPK1",122,0.394573893910694,0.394573893910694
"MAPK8",122,0.54122780385648,0.54122780385648
"RPS6KA3",115,-0.375315567928166,-0.375315567928166
"MAPK3",112,0.230161102276758,0.230161102276758
"AKT1",111,0.500843349634375,0.500843349634375
"TP53",110,-0.164856927430014,-0.164856927430014
"EGFR",107,0.263358327894738,0.263358327894738
"PRKCB",97,0.576515466564262,0.576515466564262
"FYN",94,0.215526570051238,0.215526570051238
"INSR",82,0.395229776081303,0.395229776081303
"LCK",70,-0.248367537261632,-0.248367537261632
"LYN",70,-0.27811945909461,-0.27811945909461
"IGF1R",65,0.432261689098451,0.432261689098451
"MAPK9",60,-0.023421776405275,-0.023421776405275
"CTNNB1",58,-0.027052259864546,-0.027052259864546
"ERBB2",57,-0.384605775982256,-0.384605775982256
"GNAS",56,-0.106930421132077,-0.106930421132077
"PTPN11",56,0.425336859265915,0.425336859265915
"NRXN1",54,0.588142273914771,0.519263644135039
"PLK1",54,-0.171636846215286,-0.171636846215286
"PTK2",53,-0.137198772710594,-0.137198772710594
"STAT3",52,0.196711081444805,0.196711081444805
"JAK2",51,-0.259465637577261,-0.259465637577261
"NOTCH1",50,0.500976150143294,0.500976150143294
"MDM2",48,-0.157256783205266,-0.157256783205266
"SHC1",48,0.050482957130258,0.050482957130258
"CBL",47,0.313506764207412,0.313506764207412
"IKBKB",46,0.547990491317362,0.547990491317362
"NRXN3",46,0.317457586998104,0.317457586998104
"PLCG1",45,0.238954403769726,0.238954403769726
"FGFR1",44,0.436357440380456,0.436357440380456
"SYK",44,-0.0466334729960265,-0.0466334729960265
"LRP1",43,0.0386945206665575,0.0386945206665575
"PTPN6",43,-0.355048176409273,-0.355048176409273
"PDGFRB",42,0.148031094608971,0.148031094608971
"MET",41,0.460330391972609,0.460330391972609
"CSK",39,-0.104575989184772,-0.104575989184772
"MAPK10",39,0.356647720110761,0.356647720110761
"NFE2L2",39,0.103045487801706,0.103045487801706
"PTPN1",39,0.208138381048303,0.208138381048303
"PTPRS",39,0.411495239246307,0.411495239246307
"AKT2",38,0.26877658524964,0.26877658524964
"PIK3R1",38,-0.397284725145117,-0.397284725145117
"CAMK2A",37,0.135958447823508,0.135958447823508
"LRP6",37,0.415370722426521,0.415370722426521
"HCK",36,-0.150063052058789,-0.150063052058789
"RAF1",35,0.724090184818603,0.724090184818603
"ITGB2",34,0.2867359449545,0.2867359449545
"MAPT",34,-0.151510768456684,-0.151510768456684
"PRKCZ",34,-0.334038354412217,-0.334038354412217
"RPS6KA1",34,-0.270698338766006,-0.270698338766006
"BAD",33,-0.29156389190048,-0.29156389190048
"PTEN",33,-0.253682006720457,-0.253682006720457
"PTK2B",33,-0.34815923253444,-0.34815923253444
"GRB2",32,0.61859067360148,0.61859067360148
"GSK3A",32,-0.0982393133054693,-0.0982393133054693
"PDPK1",32,-0.385562629343826,-0.385562629343826
"VAV1",32,-0.239054050870863,-0.239054050870863
"CDKN1A",31,-0.108108846922205,-0.108108846922205
"CSNK1D",31,0.185033882902792,0.185033882902792
"FOXO3",31,-0.352768735862532,-0.352768735862532
"MAPKAPK2",31,0.0977531418397245,0.0977531418397245
"PRKG1",31,0.391702044866497,0.391702044866497
"RET",31,0.30728732122319,0.30728732122319
"CDKN1B",30,-0.173309935247456,-0.173309935247456
"FGFR4",30,-0.371253619473776,-0.371253619473776
"KIT",30,0.396930688834049,0.396930688834049
"SMAD2",30,0.104386178908529,0.104386178908529
"STAT1",30,-0.349417892675508,-0.349417892675508
"EPHB2",29,0.496808834656403,0.496808834656403
"PTPRD",29,0.58126021762367,0.58126021762367
"RPS6KB1",29,-0.128219170148645,-0.128219170148645
"AURKB",28,-0.132822571422659,-0.132822571422659
"HNF4A",28,0.112746570667819,0.112746570667819
"EFNA4",27,0.269821702003853,0.269821702003853
"ERBB3",27,0.381119975502836,0.381119975502836
"CD44",26,-0.112765895265914,-0.112765895265914
"KDR",26,0.178040471965939,0.178040471965939
"NRP1",26,0.442445170405415,0.442445170405415
"PTPRJ",26,0.520970608216808,0.520970608216808
"TBK1",26,-0.353853670682212,-0.353853670682212
"FGFR3",25,0.0194760814693545,0.0194760814693545
"PRKN",25,0.268503655461385,0.268503655461385
"SPI1",25,-0.279476748854932,-0.279476748854932
"BCL2",24,-0.336252443879884,-0.336252443879884
"DAPK1",24,-0.372422732714574,-0.372422732714574
"EPHA3",24,0.532808618547668,0.532808618547668
"FGFR2",24,-0.143772950502531,-0.143772950502531
"ITGB5",24,-0.0989635600588931,-0.0989635600588931
"CDH1",23,-0.202661894205522,-0.202661894205522
"CHEK2",23,-0.121998350448883,-0.121998350448883
"FN1",23,0.368918716160836,0.36095234001061
"HSP90AA1",23,0.594880669021607,0.594880669021607
"PPARG",23,-0.123112788403989,-0.123112788403989
"PRKCG",23,0.752719526157261,0.752719526157261
"ZAP70",23,-0.142153734239809,-0.142153734239809
"ADAM10",22,-0.176964191168417,-0.176964191168417
"EFNA5",22,0.425601503794922,0.425601503794922
"EPHA2",22,0.299476024669425,0.299476024669425
"ITGA6",22,0.151585584208729,0.151585584208729
"ITGAM",22,0.1028237898625,0.1028237898625
"L1CAM",22,0.480099087237733,0.480099087237733
"NR3C1",22,-0.119621451297345,-0.119621451297345
"NTRK1",22,-0.429489966495587,-0.429489966495587
"AKT3",21,0.590503328246596,0.590503328246596
"BID",21,0.387449849183524,0.387449849183524
"BMPR1B",21,-0.146050026063478,-0.146050026063478
"BRAF",21,-0.185880538467056,-0.185880538467056
"BTK",21,-0.350680532094688,-0.350680532094688
"DCC",21,0.430697470799303,0.430697470799303
"EFNA3",21,0.428843727094625,0.428843727094625
"EFNB1",21,0.434891867445241,0.434891867445241
"EFNB2",21,0.21531726617857,0.21531726617857
"ENG",21,0.273804552372554,0.273804552372554
"EPHA4",21,0.41220847926242,0.41220847926242
"ERBB4",21,0.100957181599044,0.100957181599044
"FOXM1",21,-0.398982013136235,-0.398982013136235
"GRK2",21,-0.252695468123607,-0.252695468123607
"TYK2",21,0.327426088264033,0.327426088264033
"ADAM17",20,0.219157562458471,0.219157562458471
"BMPR2",20,0.52576501462628,0.52576501462628
"EFNA1",20,0.241913548919368,0.241913548919368
"FGR",20,-0.397347648919074,-0.397347648919074
"FLT1",20,0.522889276532267,0.522889276532267
"IRF3",20,0.32934431552817,0.32934431552817
"ITCH",20,0.167233455719611,0.167233455719611
"LAT",20,-0.226345914690501,-0.226345914690501
"LRP2",20,0.382153403120451,0.382153403120451
"PPP1CC",20,0.256207329334008,0.256207329334008
"STAT5A",20,-0.178738488824201,-0.178738488824201
"DLG4",19,0.671763517222677,0.671763517222677
"IKBKG",19,-0.378012283553524,-0.378012283553524
"IL6R",19,0.319938818040458,0.32128597397287
"IL6ST",19,0.469700773375106,0.469700773375106
"LRRTM4",19,0.281683322943331,0.281683322943331
"MAP2K1",19,0.437531756004951,0.437531756004951
"NCAM1",19,0.4346967847618,0.4346967847618
"NOS3",19,-0.128927614714476,-0.128927614714476
"PRKCQ",19,-0.346369391786178,-0.346369391786178
"SQSTM1",19,-0.12302869517504,-0.12302869517504
"STUB1",19,0.143988637517264,0.143988637517264
"ACVR2B",18,-0.163332790595929,-0.163332790595929
"BMPR1A",18,0.191919032891498,0.191919032891498
"CD33",18,0.291794250710374,0.291794250710374
"CRK",18,0.71139101759789,0.71139101759789
"DUSP3",18,-0.113849772464054,-0.113849772464054
"EFNA2",18,0.417715911396487,0.417715911396487
"ICAM1",18,0.155183451478218,0.155183451478218
"LILRB2",18,0.179693215140098,0.179693215140098
"WNT3A",18,0.132290361310899,0.132290361310899
"ACVR2A",17,0.469420989810003,0.469420989810003
"DDR1",17,0.222632253217238,0.222632253217238
"DVL2",17,0.123317810037697,0.123317810037697
"FLT3",17,-0.327209772191589,-0.327209772191589
"GAB1",17,-0.249367829278482,-0.249367829278482
"LRRTM2",17,0.552191967918656,0.552191967918656
"SMAD4",17,0.402038212716929,0.402038212716929
"STK4",17,0.313737872625582,0.313737872625582
"VEGFA",17,0.154350403315539,0.154350403315539
"ABL2",16,0.205238756727275,0.205238756727275
"CAMK2B",16,0.325696535272552,0.325696535272552
"CAMK2D",16,0.17281342290366,0.17281342290366
"DYRK1A",16,0.251902063671875,0.251902063671875
"HRAS",16,0.10408035274981,0.10408035274981
"MUC1",16,0.210150641712076,0.210150641712076
"PDGFRA",16,0.367791600083096,0.367791600083096
"SNCA",16,0.120192237738909,0.120192237738909
"TEK",16,0.141959529890624,0.141959529890624
"TNFRSF11B",16,0.249017846208979,0.249017846208979
"UNC5A",16,0.57773494134463,0.57773494134463
"YAP1",16,0.272153955262021,0.272153955262021
"CD36",15,-0.276584597477252,-0.276584597477252
"CEBPB",15,-0.103777437163599,-0.103777437163599
"CSNK2B",15,0.101960508469634,0.101960508469634
"EFNB3",15,0.36808101428774,0.36808101428774
"EPHB6",15,0.57572896224699,0.57572896224699
"IFNAR1",15,0.040814155110208,0.040814155110208
"MAP4K1",15,0.228171247168367,0.228171247168367
"NRP2",15,0.440324208485891,0.440324208485891
"PPM1A",15,0.319666685156333,0.319666685156333
"RXRA",15,-0.103618949414031,-0.103618949414031
"STMN1",15,0.837781615021288,0.837781615021288
"TGFBR2",15,-0.116320317523924,-0.116320317523924
"TNF",15,-0.10555408074204,-0.10555408074204
"BMP4",14,-0.0385755913153265,-0.0385755913153265
"COL1A1",14,0.150367353924726,0.150367353924726
"DAG1",14,0.466339442718941,0.466339442718941
"ELAVL1",14,-0.315610181380184,-0.315610181380184
"FAS",14,0.327773123495518,0.317683073866336
"FLNA",14,0.262043753587972,0.262043753587972
"FLT4",14,0.233266212604942,0.233266212604942
"GPC3",14,-0.169881657769031,-0.169881657769031
"ITGB6",14,-0.142135172896276,-0.142135172896276
"NOTCH2",14,0.47591862197593,0.47591862197593
"NTRK2",14,0.51069786129863,0.51069786129863
"PECAM1",14,-0.32963983247927,-0.32963983247927
"SIGLEC7",14,0.313093818466723,0.313093818466723
"STAT5B",14,-0.257329730217161,-0.257329730217161
"UNC5D",14,0.55120787044507,0.552146025479767
"VIM",14,0.154231328939683,0.154231328939683
"VTN",14,-0.136138983321688,-0.136138983321688
"ALK",13,0.481938920681002,0.481938920681002
"ARRB1",13,0.163219413516647,0.163219413516647
"CAMK4",13,0.355561422217984,0.355561422217984
"CAPN2",13,0.422953040458077,0.422953040458077
"CDC25A",13,0.13971295955145,0.13971295955145
"CEBPA",13,-0.317956115933427,-0.317956115933427
"CSF1R",13,0.408667531771795,0.408667531771795
"DOK1",13,-0.330242724676573,-0.330242724676573
"EPHA10",13,0.37676164148884,0.37676164148884
"EPHA5",13,0.478642454989291,0.478642454989291
"EPHA7",13,0.513206364089436,0.513206364089436
"EPHB1",13,0.43886229222644,0.43886229222644
"EZR",13,0.333338907637583,0.333338907637583
"FADD",13,0.242906797532497,0.242906797532497
"FOXL2",13,0.255103681250389,0.255103681250389
"ITGB7",13,0.34820520173245,0.34820520173245
"JAG1",13,0.155955941868954,0.155955941868954
"MAG",13,0.191743645709767,0.191743645709767
"MAPKAPK5",13,0.185294134665961,0.185294134665961
"MMP14",13,0.21219563404635,0.21219563404635
"MOG",13,0.342804820494419,0.342804820494419
"NEO1",13,0.546406766582003,0.546406766582003
"NLGN3",13,0.217913250121375,0.217913250121375
"SDC3",13,0.35717940117762,0.35717940117762
"TGFB1",13,0.057215511480273,0.057215511480273
"TIE1",13,0.415016805530035,0.415016805530035
"TLR2",13,-0.316720110544177,-0.316720110544177
"TSC2",13,-0.318552465611508,-0.318552465611508
"APOE",12,-0.0983631157092477,0.0300512641232481
"BCL2L1",12,0.272447097789534,0.272447097789534
"CFTR",12,0.400044632266091,0.400044632266091
"EEF2K",12,0.139065535459266,0.139065535459266
"EPHA6",12,0.549956410937109,0.549956410937109
"FGF2",12,-0.224195350928693,-0.224195350928693
"GJA1",12,-0.112189355257114,-0.112189355257114
"GPC4",12,0.119916251529627,0.119916251529627
"IFNGR1",12,0.526540516908405,0.526540516908405
"LIFR",12,0.418496016398027,0.418496016398027
"LRIG1",12,0.257732169133441,0.257732169133441
"MAP2K2",12,-0.2538285212104,-0.2538285212104
"MMP9",12,0.163418958036665,0.163418958036665
"NLGN2",12,0.44500876546635,0.44500876546635
"NOTCH3",12,0.464791157795378,0.464791157795378
"NRCAM",12,0.347353248616549,0.347353248616549
"PIN1",12,0.772695172513684,0.772695172513684
"PLCG2",12,-0.133382718607594,-0.133382718607594
"RACK1",12,-0.13915684003994,-0.13915684003994
"RB1",12,-0.386495576798258,-0.386495576798258
"SIGLEC9",12,0.105225945030376,0.105225945030376
"SIRPA",12,0.232629018473764,0.232629018473764
"YY1",12,-0.244676231592615,-0.244676231592615
"ARHGEF2",11,-0.355116817591859,-0.355116817591859
"CASP7",11,-0.144576266216556,-0.144576266216556
"CDC25B",11,0.361754680445516,0.361754680445516
"EPHA8",11,0.104082773504874,0.104082773504874
"EPHB4",11,0.413015358349252,0.413015358349252
"FLRT2",11,0.405258191076019,0.405258191076019
"FOXO4",11,-0.109604911473548,-0.109604911473548
"GRK5",11,-0.295433853016915,-0.295433853016915
"GTF2I",11,-0.380482937384134,-0.380482937384134
"HLA-C",11,0.106622533903435,0.106622533903435
"IGFBP7",11,-0.285255598588496,-0.285255598588496
"LRRC4C",11,0.431992283146383,0.431992283146383
"MAP2K6",11,0.228616011713566,0.228616011713566
"MAPK11",11,0.199646413908696,0.199646413908696
"PRKCI",11,-0.294703972329056,-0.294703972329056
"RIPK2",11,0.142313790191076,0.142313790191076
"ROR2",11,0.433872596805541,0.433872596805541
"SH3BP2",11,-0.121482970771934,-0.121482970771934
"SIGLEC8",11,-0.113279893351743,-0.113279893351743
"STK3",11,0.15196769106888,0.15196769106888
"THBS1",11,0.239537378711317,0.239537378711317
"TP63",11,-0.106901493032195,-0.106901493032195
"UBE2I",11,0.454542304234466,0.454542304234466
"UNC5B",11,0.533995696135902,0.531747681343607
"VAV3",11,-0.243970151283635,-0.243970151283635
"YBX1",11,-0.181944634496958,-0.181944634496958
"ACVRL1",10,-0.309858015214381,-0.309858015214381
"BMP7",10,0.246898557302097,0.246898557302097
"CD28",10,0.129988733395559,0.129988733395559
"CD5",10,0.416986771696585,0.416986771696585
"CD93",10,0.089571830881052,0.089571830881052
"CNTN2",10,0.265076998054487,0.265076998054487
"DSCAM",10,0.475116454136924,0.475116454136924
"EPHB3",10,0.484646129217684,0.484646129217684
"FER",10,-0.235636259601807,-0.235636259601807
"FLRT3",10,0.505497455457962,0.505497455457962
"GLO1",10,0.705988191571135,0.705988191571135
"GPC1",10,0.324678611830267,0.324678611830267
"HSP90AB1",10,0.64530699087182,0.64530699087182
"HTR6",10,-0.125680904998893,-0.125680904998893
"ICAM5",10,0.51990867130859,0.501501927561098
"IL1RAP",10,0.101450698528028,0.101450698528028
"ILK",10,-0.319047764109123,-0.319047764109123
"ISLR2",10,0.536647284807797,0.536647284807797
"ITGAL",10,-0.160121813629544,-0.160121813629544
"KEAP1",10,0.236706434000739,0.236706434000739
"LGALS3",10,0.111396347234892,0.111396347234892
"NTRK3",10,0.5669672460467,0.5669672460467
"PAK4",10,-0.183383314475577,-0.183383314475577
"PAK6",10,0.350452725397391,0.350452725397391
"PBK",10,0.197717128332556,0.197717128332556
"PCNA",10,-0.0985125239847627,-0.0985125239847627
"PLCB1",10,0.773109772481421,0.773109772481421
"PLG",10,-0.137150130763702,-0.137150130763702
"PPM1D",10,-0.099971551569463,-0.099971551569463
"PTN",10,0.15892028427362,0.15892028427362
"S100A9",10,-0.260504396183349,-0.260504396183349
"SIGLEC15",10,-0.304311217708346,-0.304311217708346
"TEC",10,-0.141468430320118,-0.141468430320118
"TREM2",10,0.285608940352614,0.298421968879056
"TRIM28",10,0.269784600814933,0.269784600814933
"UNC5C",10,0.474257268842304,0.474257268842304
"VWF",10,0.369913528274206,0.369913528274206
"YWHAB",10,0.809906685942604,0.809906685942604
"B2M",9,-0.267418908998884,-0.267418908998884
"BCL10",9,-0.419595337983673,-0.419595337983673
"BIRC5",9,-0.140089329265567,-0.140089329265567
"BMP6",9,0.257595169570614,0.257595169570614
"C3",9,-0.151360918863981,-0.0644198412771797
"CAMK1",9,0.221491229506531,0.221491229506531
"CD274",9,0.308371821711881,0.308371821711881
"CD9",9,0.301021234947149,0.301021234947149
"CFL1",9,0.105585733029293,0.105585733029293
"DAB2",9,-0.116903281973302,-0.116903281973302
"DAXX",9,-0.0974902075436732,-0.0974902075436732
"EGF",9,0.267522079784942,0.267522079784942
"FAM20C",9,0.448494176947363,0.448494176947363
"FCAR",9,-0.123480131936773,-0.123480131936773
"FLRT1",9,0.534528280489093,0.534528280489093
"FURIN",9,0.108114462422417,0.108114462422417
"FZD2",9,0.433260780482569,0.433260780482569
"HHEX",9,-0.194260067510772,-0.194260067510772
"HJV",9,0.54901089704283,0.54901089704283
"HMGB1",9,-0.34466684415326,-0.34466684415326
"IL2RB",9,0.145669097968091,0.145669097968091
"KIR3DL1",9,0.226595279007874,0.226595279007874
"KLRK1",9,-0.291512251802443,-0.291512251802443
"LEPR",9,0.112318912127784,0.112318912127784
"LRP4",9,0.369014139745494,0.369014139745494
"MAP3K11",9,-0.20234437775915,-0.20234437775915
"MCL1",9,0.345291488921806,0.345291488921806
"MPIG6B",9,0.197028606603205,0.197028606603205
"MSN",9,-0.10144447983403,-0.10144447983403
"MYB",9,-0.142198716204721,-0.142198716204721
"NEGR1",9,0.399277255030622,0.399277255030622
"NFIA",9,0.250332862209853,0.250332862209853
"NUMB",9,-0.151658626578953,-0.151658626578953
"PEA15",9,0.480297159860302,0.480297159860302
"PLXNA1",9,0.48045739364243,0.48045739364243
"PML",9,-0.236343513788694,-0.236343513788694
"RGMA",9,0.509897275539447,0.509897275539447
"RGMB",9,0.349858102669481,0.349858102669481
"SKP2",9,-0.359888788740848,-0.359888788740848
"STAT6",9,-0.217128906948351,-0.217128906948351
"TGFBR3",9,0.352681055275884,0.352681055275884
"TJP1",9,0.264870981713083,0.264870981713083
"VCAM1",9,0.123681125552812,0.123681125552812
"WNT11",9,-0.105876049542825,-0.105876049542825
"WNT5B",9,0.205767140489628,0.205767140489628
"YWHAQ",9,0.465213325121422,0.465213325121422
"YWHAZ",9,0.805282485773331,0.805282485773331
"AGER",8,-0.101387765545239,-0.101387765545239
"ANK2",8,0.200644886749458,0.200644886749458
"APAF1",8,0.206362400859313,0.206362400859313
"ARAF",8,-0.104145885570242,-0.104145885570242
"BMP10",8,-0.348429929827793,-0.348429929827793
"CADM1",8,0.528332996220769,0.528332996220769
"CADM3",8,0.560732883256447,0.560732883256447
"CCNB1",8,-0.103592120972403,-0.103592120972403
"CD4",8,-0.23266044573964,-0.23266044573964
"CD79A",8,0.234456914060363,0.234456914060363
"CD81",8,-0.10891806546248,-0.10891806546248
"CDK16",8,-0.197506897211971,-0.197506897211971
"CHL1",8,0.388317144638872,0.388317144638872
"COL18A1",8,0.333052055980869,0.333052055980869
"CREM",8,-0.150088395830793,-0.150088395830793
"CSF2RA",8,0.128498047189264,0.128498047189264
"CUL3",8,-0.244570242572584,-0.244570242572584
"DLK1",8,0.175903118391254,0.086442676944544
"DLL1",8,0.480154725901717,0.480154725901717
"FGG",8,0.136311254162283,0.136311254162283
"FSTL5",8,0.279096361054851,0.279096361054851
"FZD4",8,0.166507032918584,0.166507032918584
"FZD5",8,0.447476488259475,0.447476488259475
"FZD7",8,0.450043967287864,0.450043967287864
"FZD8",8,0.470136472164639,0.470136472164639
"GFAP",8,0.33691408054828,0.33691408054828
"GLP1R",8,-0.124609450656839,-0.124609450656839
"HDAC6",8,-0.270293613792907,-0.270293613792907
"IL1R1",8,0.169888209859493,0.169888209859493
"JUND",8,0.243993531847572,0.243993531847572
"LILRA1",8,0.410621930522013,0.410621930522013
"LILRB1",8,0.318442605854112,0.318442605854112
"LRRC4B",8,-0.0979140863753447,-0.0979140863753447
"LRRTM1",8,0.431783164687225,0.431783164687225
"MAP1LC3B",8,0.731372490917374,0.731372490917374
"MST1R",8,-0.0982622830824017,-0.0982622830824017
"NBR1",8,0.247180975451168,0.247180975451168
"NTM",8,0.48819090643226,0.48819090643226
"NTN1",8,0.29669713405853,0.29669713405853
"OCLN",8,-0.165965521286199,-0.165965521286199
"PAK5",8,-0.119750081215226,-0.119750081215226
"PCSK9",8,0.275952864384831,0.275952864384831
"PLAUR",8,0.563387997180201,0.563387997180201
"PLXNA4",8,0.472660138963075,0.472660138963075
"PPM1B",8,0.593570333386159,0.593570333386159
"PRTG",8,0.318378300216439,0.318378300216439
"PTGS2",8,-0.113875399099,-0.113875399099
"PTK7",8,0.233453311218375,0.233453311218375
"PVR",8,-0.232661002923047,-0.232661002923047
"RAPGEF1",8,-0.242999530639444,-0.242999530639444
"S100A8",8,-0.180436365588021,-0.180436365588021
"SMURF1",8,0.761263680755736,0.761263680755736
"SPP1",8,0.576223887529111,0.576223887529111
"TIAM1",8,0.159504421587966,0.159504421587966
"TNFRSF1A",8,0.469112618662465,0.469112618662465
"TYRO3",8,0.533952097468202,0.533952097468202
"VLDLR",8,-0.233813097347568,-0.233813097347568
"ADGRB1",7,0.480026549313213,0.480026549313213
"ADGRL3",7,0.437238216012126,0.437238216012126
"AGRN",7,0.344662395567374,0.344662395567374
"ALCAM",7,0.440843201012172,0.440843201012172
"AMPH",7,0.777372322534488,0.777372322534488
"ATG3",7,-0.407615926501397,-0.407615926501397
"BIRC2",7,0.333764460334709,0.333764460334709
"CBLC",7,-0.121013904130236,-0.121013904130236
"CBLN1",7,0.193015278689868,0.193015278689868
"CD209",7,0.209559486833064,0.245995820773468
"COPS5",7,0.171264264191016,0.171264264191016
"CRKL",7,0.775430281959006,0.775430281959006
"CSNK1G2",7,-0.3227824290831,-0.3227824290831
"CYCS",7,0.553119734165949,0.553119734165949
"DDR2",7,0.368654550184244,0.368654550184244
"DLL4",7,0.318214060628521,0.318214060628521
"DNM1",7,0.683874901528046,0.683874901528046
"DUSP6",7,-0.304407055809468,-0.304407055809468
"EIF4B",7,0.646236436539337,0.646236436539337
"F10",7,0.106211914639365,0.106211914639365
"GABBR1",7,0.72577620428385,0.72577620428385
"HLA-G",7,0.432478023618857,0.432478023618857
"HTRA2",7,0.542076596318952,0.542076596318952
"IER3",7,-0.312260724830236,-0.312260724830236
"IGF2R",7,0.465770572716126,0.465770572716126
"IGFBPL1",7,0.274615512876974,0.274615512876974
"INHBA",7,0.24655004026197,0.2348319784672
"KIR2DL5A",7,0.206318676304903,0.206318676304903
"KREMEN1",7,0.290770982124631,0.290770982124631
"LILRB3",7,-0.27785611960466,-0.27785611960466
"MAPK13",7,-0.406282851140455,-0.406282851140455
"MCAM",7,0.294340198209724,0.294340198209724
"MEF2D",7,-0.0989981577666746,-0.0989981577666746
"NCL",7,-0.285042200894433,-0.285042200894433
"NDEL1",7,-0.388184017631416,-0.388184017631416
"NFKB1",7,-0.349877768848141,-0.349877768848141
"NLGN1",7,0.485905374521576,0.490950809921546
"NPM1",7,-0.152739179376821,-0.152739179376821
"NRAS",7,-0.217461828454076,-0.217461828454076
"NRG1",7,0.283842505693471,0.283842505693471
"NRG2",7,0.16016824412758,0.16016824412758
"OMG",7,0.148263254104148,0.148263254104148
"PLXNB2",7,0.379927429531869,0.379927429531869
"PPARGC1A",7,-0.147904331565288,-0.147904331565288
"PPP1R14A",7,0.231137892672195,0.231137892672195
"PPP4C",7,0.222497844611397,0.222497844611397
"PTTG1",7,-0.112793446454456,-0.112793446454456
"RNF43",7,-0.18224692010759,-0.18224692010759
"SELPLG",7,0.168719734175772,0.168719734175772
"SIGLEC14",7,0.241144301069172,0.241144301069172
"SLIT2",7,0.773628702555491,0.773628702555491
"SLITRK1",7,0.505113386420397,0.505113386420397
"TIMP3",7,0.478580444406385,0.478580444406385
"TNFAIP3",7,-0.319430657341062,-0.319430657341062
"UBE2N",7,0.712071000507728,0.712071000507728
"VASP",7,0.277345106262399,0.277345106262399
"VSIR",7,0.295619079564498,0.295619079564498
"ZFP36",7,-0.1790451182491,-0.1790451182491
"ADAM9",6,0.482225219904574,0.482225219904574
"ADGRB3",6,0.494308514031462,0.494308514031462
"AGT",6,-0.205100577358585,-0.205100577358585
"ANGPTL4",6,-0.117726277697822,-0.117726277697822
"APLP2",6,0.329815895900956,0.329815895900956
"ARTN",6,0.188407974105089,0.188407974105089
"ATG7",6,-0.262792310417403,-0.262792310417403
"BAMBI",6,0.370250159742002,0.370250159742002
"BLVRA",6,0.257578217945945,0.257578217945945
"BSG",6,0.540364743370463,0.540364743370463
"CALR",6,-0.305186186520111,-0.305186186520111
"CCNE1",6,-0.199385281039563,-0.199385281039563
"CD14",6,0.32185042403199,0.32185042403199
"CD226",6,-0.224452132860989,-0.224452132860989
"CD300LF",6,-0.153393004072368,-0.153393004072368
"CDH2",6,-0.162186061883439,-0.162186061883439
"CLU",6,0.265090205166621,0.265090205166621
"CNTF",6,-0.116797637701338,-0.116797637701338
"CNTN5",6,0.529925787422096,0.529925787422096
"COL2A1",6,-0.111013193986023,-0.111013193986023
"DLGAP4",6,-0.179819666625438,-0.179819666625438
"ELK1",6,-0.345015537207506,-0.345015537207506
"ELK3",6,-0.199732914286537,-0.199732914286537
"F3",6,-0.118898177883124,-0.118898177883124
"FCGR2B",6,-0.234796020536933,-0.234796020536933
"FZD1",6,0.492152713216533,0.492152713216533
"GABARAPL2",6,0.64225775404718,0.64225775404718
"GDF2",6,-0.118884020245918,-0.118884020245918
"GDF9",6,-0.308518200593676,-0.308518200593676
"GDNF",6,-0.136392171545045,-0.136392171545045
"GP6",6,-0.18763470417597,-0.18763470417597
"GRM4",6,0.189710927778721,0.189710927778721
"GZMB",6,-0.132127323256773,-0.132127323256773
"HDAC2",6,-0.250533156835113,-0.250533156835113
"HSP90B1",6,0.373677059009025,0.373677059009025
"HSPA1A",6,0.240308069776306,0.225166041547487
"HSPA8",6,0.347085027951938,0.347085027951938
"IGDCC4",6,0.403941189491662,0.403941189491662
"IL16",6,0.223629394441491,0.223629394441491
"IL1RAPL1",6,0.285336741079713,0.285336741079713
"IL2RG",6,-0.367641277757527,-0.367641277757527
"IRF5",6,-0.175297578949278,-0.175297578949278
"ITSN1",6,0.690733403659475,0.690733403659475
"JAM3",6,0.415962909142724,0.415962909142724
"KHSRP",6,0.120210391411899,0.120210391411899
"KRAS",6,-0.168704202243336,-0.168704202243336
"KRT18",6,0.284018004477804,0.284018004477804
"LIMK1",6,0.108647631458158,0.108647631458158
"LRFN5",6,0.398178114064835,0.398178114064835
"LRP8",6,0.506268130797644,0.506268130797644
"MAP3K3",6,-0.321890495634576,-0.321890495634576
"MAPK6",6,-0.102050547488755,-0.102050547488755
"MATK",6,-0.130681230537288,-0.130681230537288
"MAX",6,-0.251891970517018,-0.251891970517018
"MPZ",6,0.359064581234096,0.359064581234096
"NCAN",6,0.508933070332609,0.508933070332609
"NCK2",6,0.486764277897119,0.486764277897119
"NFKBIB",6,-0.121673969613917,-0.121673969613917
"NGF",6,0.222876823405145,0.222876823405145
"NLGN4X",6,0.329203096961345,0.329203096961345
"NMT1",6,-0.271248482794374,-0.271248482794374
"NR3C2",6,0.25147729786015,0.25147729786015
"NTN4",6,0.3131685042426,0.3131685042426
"PCSK7",6,0.256305784758284,0.256305784758284
"PEBP1",6,0.790849869244503,0.790849869244503
"PPP1R1A",6,0.69127622695236,0.69127622695236
"PROC",6,0.040515154803793,0.040515154803793
"ROBO1",6,0.506865812648713,0.506865812648713
"ROBO2",6,0.503752396009993,0.503752396009993
"SELE",6,-0.136248411549698,-0.136248411549698
"SEMA3A",6,-0.369937023635846,-0.369937023635846
"SEMA4A",6,0.410837570965547,0.410837570965547
"SEMA6D",6,0.37074030487973,0.37074030487973
"SERPINC1",6,-0.234559361796074,-0.234559361796074
"SIRT6",6,-0.216088953821399,-0.216088953821399
"SMAD5",6,0.288819821933528,0.288819821933528
"SORT1",6,-0.104453608521705,-0.104453608521705
"STAP1",6,-0.357036681713978,-0.357036681713978
"STMN2",6,0.844538984104637,0.844538984104637
"STX3",6,0.638200294086887,0.638200294086887
"TGFB3",6,-0.14559911533669,-0.14559911533669
"THBS2",6,0.116998331197023,0.116998331197023
"TNNI3",6,0.138819697329263,0.138819697329263
"USP8",6,-0.367796366557843,-0.367796366557843
"VCP",6,-0.261263084084749,-0.261263084084749
"WFIKKN2",6,0.232245198483037,0.232245198483037
"WNT10B",6,-0.104799750134856,-0.104799750134856
"XRCC1",6,-0.133068722127895,-0.133068722127895
"YWHAH",6,0.728844559375494,0.728844559375494
"ACAT1",5,0.103998940758159,0.103998940758159
"AKT1S1",5,0.344496997983041,0.344496997983041
"APLP1",5,0.51662675481719,0.51662675481719
"ASAP2",5,0.273881602787496,0.273881602787496
"AXIN2",5,-0.155988826240043,-0.155988826240043
"BMI1",5,0.219872413822108,0.219872413822108
"BMP1",5,-0.0988689294565308,-0.0988689294565308
"BMP15",5,-0.150629322110987,-0.150629322110987
"BMP5",5,0.324939724721516,0.324939724721516
"BOC",5,0.267584043421093,0.267584043421093
"BTC",5,0.332172620543463,0.332172620543463
"BTNL8",5,-0.108171800447448,-0.108171800447448
"BUB1",5,0.101130228906481,0.101130228906481
"C1QC",5,0.142888953893451,0.142888953893451
"CANX",5,-0.106445035385951,-0.106445035385951
"CASK",5,0.234379626731858,0.234379626731858
"CAST",5,0.487640409798826,0.487640409798826
"CBLN2",5,0.2126414860313,0.2126414860313
"CCN1",5,-0.179154405231789,-0.179154405231789
"CD2",5,-0.145039080925859,-0.145039080925859
"CD320",5,0.546173301894615,0.546173301894615
"CDON",5,0.315500068050741,0.315500068050741
"CFL2",5,0.310608334713449,0.310608334713449
"COL5A1",5,0.15108153409804,0.15108153409804
"CRP",5,-0.229602458947308,-0.229602458947308
"CRYAA",5,-0.105752899274054,-0.105752899274054
"CSNK1A1L",5,0.188418543859727,0.188418543859727
"CTSG",5,-0.379876659032592,-0.379876659032592
"DES",5,-0.169999959709239,-0.169999959709239
"DHH",5,0.142760908763138,0.142760908763138
"DKK1",5,-0.164325599097405,-0.164325599097405
"DOK2",5,-0.375134876447602,-0.375134876447602
"DSC2",5,0.445509540122145,0.445509540122145
"DSG3",5,-0.020143229368935,-0.020143229368935
"DUSP26",5,0.314121549981128,0.314121549981128
"EIF4G2",5,0.567406078368671,0.567406078368671
"ELMO1",5,-0.160314129299016,-0.160314129299016
"EPS15L1",5,0.258062855638737,0.258062855638737
"ETS2",5,0.190113019965777,0.190113019965777
"F2",5,-0.108996295161994,-0.108996295161994
"FANCL",5,-0.10680792977275,-0.10680792977275
"FASLG",5,0.221499069802767,0.221499069802767
"FCER2",5,0.280790774179164,0.280790774179164
"FCGRT",5,0.361447593614137,0.361447593614137
"FCRL1",5,-0.393134878595606,-0.393134878595606
"FGF4",5,-0.127088130887457,-0.127088130887457
"FGF7",5,-0.151468041287144,-0.151468041287144
"FMR1",5,0.233497576329185,0.233497576329185
"FST",5,-0.359225719973029,-0.359225719973029
"G6PD",5,0.175811311077376,0.175811311077376
"GABARAP",5,0.702952890427291,0.702952890427291
"GAP43",5,0.847571239785383,0.847571239785383
"GDF10",5,0.296222150288871,0.296222150288871
"GFRA1",5,0.287011099169979,0.287011099169979
"GPHN",5,0.546571577482583,0.546571577482583
"GRN",5,0.234568667506379,0.234568667506379
"GSTP1",5,0.291519825568017,0.291519825568017
"HGF",5,0.199808308553814,0.199808308553814
"HLA-E",5,0.0994999656825574,0.0994999656825574
"HSPG2",5,0.362171642997486,0.362171642997486
"ICAM3",5,-0.305108182407201,-0.305108182407201
"IFI16",5,0.0622913451646965,0.0622913451646965
"IFNLR1",5,0.241304244931148,0.241304244931148
"IGF1",5,0.050678796406274,0.050678796406274
"IHH",5,-0.141071592497016,-0.141071592497016
"IL10",5,-0.000579164494978496,-0.000579164494978496
"IL6",5,-0.276458589781041,-0.276458589781041
"INHBB",5,0.0161123482702845,0.0161123482702845
"INPP5D",5,-0.191682382214416,-0.191682382214416
"JAG2",5,-0.187951587222336,-0.187951587222336
"KIF1C",5,-0.141431649760176,-0.141431649760176
"KIR3DL3",5,0.399414654749444,0.399414654749444
"KL",5,-0.203331942332106,-0.203331942332106
"KLRB1",5,-0.218376562288914,-0.218376562288914
"KNG1",5,-0.241819139171057,-0.206374335669455
"KREMEN2",5,-0.356336405388852,-0.356336405388852
"LASP1",5,0.315552784051989,0.315552784051989
"LPL",5,0.446433600479516,0.446433600479516
"LRFN4",5,0.556816493669124,0.556816493669124
"LTK",5,-0.232186200898468,-0.232186200898468
"MAD1L1",5,-0.365023488265579,-0.365023488265579
"MAPRE1",5,0.196227011363854,0.196227011363854
"MBL2",5,-0.297119812364954,-0.297119812364954
"MEF2C",5,-0.19088294360143,-0.19088294360143
"MERTK",5,0.346805829503885,0.346805829503885
"MFNG",5,0.336981047119445,0.336981047119445
"MMP13",5,0.135588096550398,0.135588096550398
"NANOG",5,-0.116463598249132,-0.116463598249132
"NEFL",5,0.38696790026742,0.38696790026742
"NLGN4Y",5,0.246805541518661,0.246805541518661
"NOG",5,0.394032264956472,0.394032264956472
"OSCAR",5,0.0262792971839846,0.0262792971839846
"PELI1",5,-0.324220526638127,-0.324220526638127
"PIGR",5,0.33458364734782,0.33458364734782
"PLXNB3",5,0.297049739358644,0.297049739358644
"PLXND1",5,0.502225288234463,0.502225288234463
"PPP1R9B",5,-0.339691576334788,-0.339691576334788
"PPP3R1",5,0.854402413370591,0.854402413370591
"PTP4A3",5,0.200083820484669,0.200083820484669
"PTPRR",5,0.389373007248626,0.389373007248626
"RNF8",5,0.393442300665599,0.393442300665599
"RPA2",5,-0.316515154538563,-0.316515154538563
"RTN4R",5,0.321035206198177,0.321035206198177
"RUNX3",5,-0.3449681031984,-0.3449681031984
"S100A4",5,0.0135749264350395,0.0135749264350395
"SEMA3G",5,0.45999116474067,0.45999116474067
"SEMA4D",5,0.436769870284354,0.436769870284354
"SFN",5,0.333771389809374,0.333771389809374
"SFTPD",5,0.09695617844202,0.09695617844202
"SH2B3",5,0.382263839489296,0.382263839489296
"SH3KBP1",5,-0.158856125666364,-0.158856125666364
"SIAH1",5,0.13737544524805,0.13737544524805
"SIGLEC5",5,0.258078742380404,0.257311605898202
"SIRT2",5,0.17917365251125,0.17917365251125
"SLBP",5,-0.333601289008196,-0.333601289008196
"SLIT1",5,0.558815542259319,0.558815542259319
"SOD1",5,0.175832435522139,0.175832435522139
"SPARC",5,0.242592227190562,0.242592227190562
"STX1A",5,0.709332533091408,0.709332533091408
"TCAP",5,-0.185793297463922,-0.185793297463922
"TIMP1",5,0.139486145750499,0.139486145750499
"TNFRSF10B",5,0.369309890804881,0.369309890804881
"TNFRSF14",5,0.446992114707377,0.446992114707377
"TNFRSF17",5,-0.104583559749774,-0.104583559749774
"TNFRSF1B",5,0.541842665432662,0.541842665432662
"TTN",5,-0.0987694767934663,-0.0987694767934663
"UNG",5,-0.123099155936498,-0.123099155936498
"UTS2R",5,-0.175687870139909,-0.175687870139909
"VEGFD",5,0.28718684235366,0.28718684235366
"WAS",5,0.143573280509129,0.143573280509129
"ZYX",5,0.32652419167379,0.32652419167379
"ACAN",4,0.296555505157392,0.296555505157392
"ADAM15",4,0.173564970301434,0.173564970301434
"AGAP2",4,0.439237923933137,0.439237923933137
"AIFM1",4,-0.166711498159784,-0.166711498159784
"AMH",4,0.111590905686728,0.111590905686728
"APOA2",4,0.316748742279743,0.316748742279743
"ATG5",4,-0.295136769383066,-0.295136769383066
"BAG2",4,0.318910823693263,0.318910823693263
"BDNF",4,-0.3815332026576,-0.3815332026576
"BGLAP",4,0.237716162067619,0.237716162067619
"BTLA",4,0.14778444438889,0.14778444438889
"CADM2",4,0.575966758449378,0.575966758449378
"CAPN3",4,-0.228085603570028,-0.228085603570028
"CARD9",4,-0.239135304125904,-0.239135304125904
"CASP10",4,0.109113029641609,0.109113029641609
"CD177",4,-0.107847597591475,-0.107847597591475
"CD46",4,0.5459002749989,0.5459002749989
"CD59",4,0.318981813891042,0.318981813891042
"CD70",4,-0.101433030889512,-0.101433030889512
"CD80",4,-0.356853667620349,-0.356853667620349
"CDCP1",4,0.166563415578476,0.166563415578476
"CEP43",4,-0.116999684771853,-0.116999684771853
"CFC1",4,0.574564500085561,0.574564500085561
"CLDN1",4,-0.193793856159044,-0.193793856159044
"CLSTN1",4,0.281629868835113,0.281629868835113
"CLSTN2",4,0.412859223002558,0.412859223002558
"CLTC",4,-0.424643858416242,-0.424643858416242
"CSF1",4,0.366221198834159,0.366221198834159
"CTHRC1",4,0.279410084648045,0.279410084648045
"CTNNA1",4,0.466500261275673,0.466500261275673
"CTSS",4,0.0971569759223247,0.0971569759223247
"CUL1",4,0.158874124506805,0.158874124506805
"CYLD",4,0.129714982670232,0.129714982670232
"DAPK2",4,-0.124998416667308,-0.124998416667308
"DAPP1",4,-0.0991288235887724,-0.0991288235887724
"DCLK1",4,0.828938850220514,0.828938850220514
"DMTN",4,0.165406833342948,0.165406833342948
"DSC1",4,0.175866330055737,0.175866330055737
"DSG2",4,0.258426752891794,0.258426752891794
"DUSP10",4,0.180582328317786,0.180582328317786
"EFS",4,-0.31823974918978,-0.31823974918978
"EGLN2",4,0.124071187925859,0.124071187925859
"EIF2S2",4,-0.414013572517389,-0.414013572517389
"ENAH",4,0.483522715710673,0.483522715710673
"EPN1",4,0.580546912634806,0.580546912634806
"FCGR1A",4,0.215525949523808,0.215525949523808
"FCGR3B",4,0.300459257935851,0.300459257935851
"FGF12",4,0.154172948323383,0.154172948323383
"FGF16",4,-0.240418599595943,-0.240418599595943
"FGF19",4,0.186963178922865,0.186963178922865
"FGF5",4,-0.348160021300892,-0.348160021300892
"FGF6",4,-0.1335849619439,-0.1335849619439
"FGF8",4,-0.135817154633584,-0.112115721822613
"FHOD1",4,-0.195609016713725,-0.195609016713725
"FNBP1",4,-0.399526676680744,-0.399526676680744
"FUBP1",4,0.579297104451354,0.579297104451354
"GPC6",4,0.352474668017835,0.352474668017835
"GRIA4",4,0.420883408870939,0.420883408870939
"GRID2",4,0.251876442872436,0.251876442872436
"H2AZ1",4,-0.206365091553197,-0.206365091553197
"HHIP",4,0.355641901886217,0.355641901886217
"HHLA2",4,0.174659329379083,0.174659329379083
"HLA-DRB3",4,0.263807261425057,0.263807261425057
"HMOX1",4,0.268771767485078,0.268771767485078
"HTR7",4,-0.250693596403267,-0.250693596403267
"ICAM4",4,-0.38056514208305,-0.38056514208305
"ID1",4,0.144490882743737,0.144490882743737
"ID2",4,-0.309655364999854,-0.309655364999854
"IFNB1",4,0.153954932684347,0.153954932684347
"IGDCC3",4,0.0355220046923485,0.0355220046923485
"IL13RA1",4,-0.178512534473442,-0.178512534473442
"IL17RA",4,0.306720995910724,0.306720995910724
"IL22",4,0.136000838318337,0.136000838318337
"ING1",4,-0.103629145064492,-0.103629145064492
"IRF1",4,0.0354789455058061,0.0354789455058061
"ISG15",4,0.31807409462542,0.31807409462542
"ITGA11",4,-0.158496967830486,-0.158496967830486
"JUP",4,0.237018841389167,0.237018841389167
"LAMTOR3",4,0.328666573977025,0.328666573977025
"LIF",4,-0.35849747734106,-0.35849747734106
"LMNB1",4,-0.102349142305529,-0.102349142305529
"LRFN2",4,0.364751093296726,0.364751093296726
"LRRC4",4,0.418823006838966,0.418823006838966
"MAP1LC3A",4,0.7775874965982,0.7775874965982
"MIF",4,0.333469996993409,0.333469996993409
"MPZL1",4,0.545258782676445,0.545258782676445
"NACA",4,-0.24787985385622,-0.24787985385622
"NECTIN2",4,0.392944219136898,0.392944219136898
"NEFH",4,0.438895174648844,0.438895174648844
"NFASC",4,0.463138591724218,0.463138591724218
"NODAL",4,-0.106516022887491,-0.106516022887491
"NR1H4",4,0.244950359968044,0.244950359968044
"NRG3",4,0.564871630545702,0.564871630545702
"NTNG1",4,0.35872827841006,0.35872827841006
"NXPH1",4,0.231741475174327,0.231741475174327
"NXPH3",4,-0.214435092981603,-0.214435092981603
"OSMR",4,0.188436169335423,0.188436169335423
"PARK7",4,0.57870234581101,0.57870234581101
"PAX8",4,-0.129588213406996,-0.129588213406996
"PDIA3",4,0.468496129821848,0.468496129821848
"PDP1",4,-0.11844557822529,-0.11844557822529
"PGR",4,0.267429458383865,0.267429458383865
"PIK3C3",4,-0.335513742366114,-0.335513742366114
"PKD2",4,0.0929486972436285,0.0929486972436285
"POSTN",4,0.185913128381721,0.185913128381721
"PPP1R8",4,-0.11269471083847,-0.11269471083847
"PRC1",4,-0.383824593719654,-0.383824593719654
"PRDX1",4,0.475452351890131,0.475452351890131
"PTPRU",4,0.295733492532916,0.295733492532916
"RAMP1",4,0.238700564115053,0.238700564115053
"RANBP3",4,0.709420063742776,0.709420063742776
"RANGAP1",4,-0.240958998145695,-0.240958998145695
"RAP1GAP",4,0.305145101650542,0.305145101650542
"RAP1GDS1",4,0.146308070285243,0.146308070285243
"RBL1",4,-0.10307997158206,-0.10307997158206
"RELN",4,0.261627000050398,0.261627000050398
"RGS19",4,-0.193746079459386,-0.193746079459386
"RNF41",4,0.293598157990742,0.293598157990742
"ROR1",4,0.308801298583955,0.308801298583955
"RSPO1",4,0.052224807894219,0.052224807894219
"RTN4RL1",4,0.360200705791613,0.360200705791613
"RYK",4,0.236584453966456,0.236584453966456
"SCARA5",4,0.12890242964186,0.12890242964186
"SCARB1",4,-0.248131500933347,-0.248131500933347
"SELP",4,0.105200584377381,0.105200584377381
"SEMA3E",4,0.179449567101019,0.179449567101019
"SLAMF1",4,0.100463278104766,0.100463278104766
"SLITRK2",4,0.273755124643473,0.273755124643473
"SLITRK3",4,0.256198432869229,0.256198432869229
"SLITRK4",4,0.574168541400129,0.574168541400129
"SNPH",4,-0.134728780394596,-0.134728780394596
"SNTA1",4,0.281820748920844,0.281820748920844
"SOX6",4,0.192007019705528,0.192007019705528
"STAB1",4,0.174384365457139,0.174384365457139
"STK10",4,0.1557213701676,0.1557213701676
"TCF4",4,-0.278334374266019,-0.278334374266019
"TFPI",4,0.223976104234384,0.223976104234384
"TMIGD2",4,0.33129895040702,0.33129895040702
"TNC",4,0.271273007788429,0.254089797164977
"TNFRSF8",4,0.245893909048312,0.245893909048312
"TNKS",4,-0.130553339259468,-0.130553339259468
"TRA2B",4,0.135456055333033,0.135456055333033
"USF1",4,0.108631763964315,0.108631763964315
"VEGFB",4,-0.284967378228761,-0.284967378228761
"WWP1",4,0.26511041569633,0.26511041569633
"YWHAE",4,0.811755333441431,0.811755333441431
"A2M",3,0.229940338255967,0.229940338255967
"ADAM12",3,0.330626705269831,0.330626705269831
"ADGRE5",3,0.323569153560192,0.323569153560192
"ALB",3,-0.233754478215216,-0.233754478215216
"ALPL",3,0.345155313209612,0.345155313209612
"ANGPTL1",3,0.246397375312897,0.246397375312897
"ANP32A",3,-0.164566064304217,-0.164566064304217
"ARF1",3,0.57482032316828,0.57482032316828
"ARHGAP1",3,0.374904288001825,0.374904288001825
"ARHGAP5",3,0.38552019144954,0.38552019144954
"ARID1A",3,-0.197002462972626,-0.197002462972626
"ARNT",3,0.182826394907055,0.182826394907055
"ASB8",3,-0.0970007057715726,-0.0970007057715726
"ATXN10",3,-0.0977374057191541,-0.0977374057191541
"ATXN3",3,0.523148113478906,0.523148113478906
"BAIAP2",3,-0.191651202768147,-0.191651202768147
"BGN",3,0.183944397230455,0.183944397230455
"BNIP3L",3,0.2840041365882,0.2840041365882
"C1QBP",3,0.172295932701071,0.172295932701071
"C1QL2",3,0.378989821304063,0.378989821304063
"CACNB4",3,0.348680690684376,0.348680690684376
"CALCR",3,-0.18679185174592,-0.18679185174592
"CCL7",3,-0.340226967376425,-0.340226967376425
"CD163",3,0.392917706527506,0.392917706527506
"CD22",3,-0.315671319723973,-0.315671319723973
"CD248",3,0.478939864803391,0.478939864803391
"CD300E",3,-0.096768190350049,-0.096768190350049
"CD40LG",3,-0.121708300098545,-0.121708300098545
"CD55",3,0.419709335806864,0.419709335806864
"CD63",3,0.318940871209077,0.318940871209077
"CD68",3,0.23726678971895,0.23726678971895
"CD74",3,-0.492644179883196,-0.492644179883196
"CD86",3,0.303498803706439,0.303498803706439
"CD8A",3,0.151865971583899,0.151865971583899
"CDC34",3,0.335698307708026,0.335698307708026
"CHFR",3,0.155740324374101,0.155740324374101
"CLEC2L",3,0.477517419465587,0.477517419465587
"CNTN4",3,0.538218931823781,0.538218931823781
"CRLF1",3,0.286833448915697,0.286833448915697
"CRMP1",3,0.335395685676305,0.335395685676305
"CRTAM",3,0.151579624479892,0.151579624479892
"CRYBB2",3,0.140869168823224,0.140869168823224
"CTNNA2",3,0.217892775962492,0.217892775962492
"CTNNA3",3,-0.150930108739811,-0.150930108739811
"CTSB",3,0.12016119174762,0.12016119174762
"DEAF1",3,0.478504612287261,0.478504612287261
"DKK2",3,0.167984255211056,0.167984255211056
"DKK4",3,0.323289542881829,0.323289542881829
"DNM2",3,0.567606043564663,0.567606043564663
"EDA2R",3,0.429477646040858,0.429477646040858
"EIF4G1",3,0.203417816344587,0.203417816344587
"ELK4",3,0.432969513857033,0.432969513857033
"ENPEP",3,0.106192204051365,0.106192204051365
"EPB41L1",3,-0.206560632149336,-0.206560632149336
"EPO",3,-0.153122337059727,-0.153122337059727
"ESRRA",3,-0.196003721973442,-0.196003721973442
"F5",3,-0.174725416235248,-0.174725416235248
"FABP4",3,-0.125829689937743,-0.125829689937743
"FCRL4",3,0.154606080405699,0.154606080405699
"FKBP5",3,-0.227041549125526,-0.227041549125526
"GABARAPL1",3,0.739491840513931,0.739491840513931
"GDF15",3,0.197879022230382,0.197879022230382
"GFRA2",3,0.524724107162921,0.524724107162921
"GFRA3",3,-0.317785307719266,-0.317785307719266
"GMFB",3,0.479439333839143,0.479439333839143
"GPC5",3,0.481682665992502,0.481682665992502
"GPNMB",3,0.164115355307667,0.215759602279276
"GPR37",3,0.334458732290858,0.334458732290858
"GSN",3,0.309834773660505,0.309834773660505
"HDLBP",3,0.245196940132615,0.245196940132615
"HEXIM1",3,-0.143015965215823,-0.143015965215823
"HGS",3,0.382632279957531,0.382632279957531
"HMGN1",3,-0.323861480930027,-0.323861480930027
"HNRNPH1",3,-0.277167539352677,-0.277167539352677
"ICOSLG",3,0.288211272412478,0.288211272412478
"IDH1",3,0.32645248054473,0.32645248054473
"IGSF11",3,0.317457592719763,0.317457592719763
"IL13",3,0.045702105080443,0.045702105080443
"IL15RA",3,0.055102021914293,0.055102021914293
"IL17RC",3,0.157758347829413,0.157758347829413
"IL18BP",3,0.491085046265834,0.491085046265834
"IL1A",3,0.235999642697468,0.235999642697468
"IL20RB",3,0.359841786693909,0.359841786693909
"IL22RA1",3,-0.249712099932784,-0.249712099932784
"IL24",3,-0.113598442480311,-0.113598442480311
"IL36G",3,0.269666814493661,0.269666814493661
"IL9",3,0.214566035671867,0.214566035671867
"ILF3",3,-0.216418145270087,-0.216418145270087
"INHA",3,0.373377834290636,0.373377834290636
"JAM2",3,0.544223782447,0.544223782447
"KIF22",3,-0.263641821039465,-0.263641821039465
"KIF3A",3,0.181194311598646,0.181194311598646
"KIRREL3",3,0.573413181651757,0.573413181651757
"KPNA2",3,-0.238260048877812,-0.238260048877812
"LDHA",3,0.291719879829105,0.291719879829105
"LEP",3,-0.136465929307947,-0.136465929307947
"LGMN",3,-0.169345659951023,-0.169345659951023
"LRFN3",3,-0.0992052451515674,-0.0992052451515674
"LRRN1",3,0.511924893492254,0.511924893492254
"MADCAM1",3,0.418946296438478,0.418946296438478
"MAGI2",3,0.783458654241573,0.783458654241573
"MAP2K5",3,-0.264822526579015,-0.264822526579015
"MAP4K3",3,-0.151822883844173,-0.151822883844173
"MDGA1",3,0.303812980303287,0.303812980303287
"MED1",3,-0.157007875961456,-0.157007875961456
"METTL1",3,0.208965525591707,0.208965525591707
"METTL3",3,-0.122351127580387,-0.122351127580387
"MKNK1",3,-0.176829913741884,-0.176829913741884
"MMP3",3,0.242599983003801,0.242599983003801
"MPG",3,-0.348728180853007,-0.348728180853007
"MSTN",3,0.160749418113257,0.160749418113257
"MTCP1",3,0.178831723118973,0.178831723118973
"MYL9",3,0.261846332982077,0.261846332982077
"NCR1",3,0.163874488475869,0.163874488475869
"NECTIN1",3,0.185218543416025,0.185218543416025
"NELFA",3,0.416105944187707,0.416105944187707
"NETO2",3,0.419578396045734,0.419578396045734
"NPTN",3,0.584924737417798,0.584924737417798
"NPTX1",3,0.229113220835237,0.229113220835237
"NRG4",3,0.251668572571216,0.251668572571216
"NSF",3,0.220232575327357,0.220232575327357
"NUDC",3,0.56474094763535,0.56474094763535
"OPCML",3,0.56554243843291,0.56554243843291
"OSM",3,-0.134836684812107,-0.134836684812107
"OSTF1",3,-0.274951192408596,-0.274951192408596
"OTUD7B",3,0.103737079972801,0.103737079972801
"PACSIN1",3,-0.104941169842971,-0.104941169842971
"PDGFA",3,-0.231491422643143,-0.231491422643143
"PDGFB",3,-0.0980356142528458,-0.0980356142528458
"PDGFC",3,0.269488752898292,0.269488752898292
"PEAR1",3,0.224940008240267,0.224940008240267
"PGF",3,-0.106089736287272,-0.106089736287272
"PKN2",3,0.317961511311414,0.317961511311414
"PLA2G2A",3,-0.124955222661339,-0.124955222661339
"PLXNC1",3,0.409972493780999,0.409972493780999
"PPIF",3,0.220834596091413,0.220834596091413
"PPM1F",3,0.364092617636902,0.364092617636902
"PPP1R2",3,0.439665920311591,0.439665920311591
"PPP2R5A",3,0.270989866224822,0.270989866224822
"PRTN3",3,-0.151420082903729,-0.151420082903729
"PSG7",3,-0.13949459000364,-0.13949459000364
"PSMA5",3,0.341968861702974,0.341968861702974
"PSMD4",3,-0.240598520581618,-0.240598520581618
"PTGFRN",3,0.332611642829943,0.332611642829943
"QDPR",3,0.253254157470963,0.253254157470963
"RAB4A",3,0.122325874673796,0.122325874673796
"RAB5A",3,-0.370471767346914,-0.370471767346914
"RACGAP1",3,0.109122998598485,0.109122998598485
"RBP1",3,0.466078150441137,0.466078150441137
"RCSD1",3,-0.368830854317703,-0.368830854317703
"ROBO4",3,0.385257070088955,0.385257070088955
"RRAD",3,-0.115369541186941,-0.115369541186941
"RRM2B",3,0.279575913580421,0.279575913580421
"RSPO3",3,0.486759578853786,0.486759578853786
"SAA1",3,-0.197923762511988,-0.197923762511988
"SAP30",3,-0.284011985448196,-0.284011985448196
"SEMA3B",3,-0.143533009225605,-0.143533009225605
"SEMA4G",3,0.296964539984249,0.296964539984249
"SEMA7A",3,0.257157123452094,0.257157123452094
"SEPTIN5",3,0.530676992340211,0.530676992340211
"SERPINF1",3,-0.19213661637534,-0.19213661637534
"SERPING1",3,0.160160876428081,0.160160876428081
"SET",3,0.198186415175038,0.198186415175038
"SH3GLB1",3,0.127479964064117,0.127479964064117
"SHANK1",3,0.472927469554027,0.472927469554027
"SHANK3",3,0.775706268018871,0.775706268018871
"SKIL",3,0.164268077065177,0.164268077065177
"SKP1",3,-0.362797037266448,-0.362797037266448
"SLITRK6",3,0.257304109466887,0.257304109466887
"SNAI2",3,0.119645103186954,0.119645103186954
"SOD2",3,0.576324992109837,0.576324992109837
"SPART",3,0.610247905502025,0.610247905502025
"SPAST",3,0.222083812688131,0.222083812688131
"SRRT",3,-0.164163624233145,-0.164163624233145
"STAB2",3,-0.371363558014764,-0.371363558014764
"STIM1",3,0.242733156963807,0.242733156963807
"STXBP4",3,0.204808022207604,0.204808022207604
"SVEP1",3,0.37702634003731,0.37702634003731
"SYT1",3,0.742611792316565,0.742611792316565
"TFRC",3,-0.0084579095481985,-0.0084579095481985
"TGFB2",3,-0.329065337850795,-0.329065337850795
"TMPRSS6",3,-0.39839235779941,-0.39839235779941
"TNIP1",3,0.120512380667084,0.120512380667084
"TOPBP1",3,0.132193637099353,0.132193637099353
"TRIM9",3,0.448059597811407,0.448059597811407
"TRIO",3,0.186772126064118,0.186772126064118
"TXLNA",3,-0.150543546934842,-0.150543546934842
"UBC",3,0.36992664160872,0.36992664160872
"UBE2A",3,-0.103396342602511,-0.103396342602511
"UBE2V1",3,0.722019562782105,0.722019562782105
"USP28",3,-0.13163213891956,-0.13163213891956
"VASN",3,0.506283039312589,0.506283039312589
"VCL",3,-0.146915178322245,-0.146915178322245
"WTAP",3,0.38519538081894,0.38519538081894
"WWC1",3,0.739613309002914,0.739613309002914
"WWP2",3,0.162039064796798,0.162039064796798
"XPO5",3,-0.262868499876766,-0.262868499876766
"XRCC4",3,-0.167407789709854,-0.167407789709854
"XRCC6",3,-0.245454412543455,-0.245454412543455
"ACAP2",2,-0.378569353000849,-0.378569353000849
"ACE",2,0.346593940176084,0.346593940176084
"ADM",2,0.234159021310625,0.234159021310625
"AGR2",2,0.431757255882552,0.431757255882552
"AHCYL1",2,-0.364591814851399,-0.364591814851399
"AHSA1",2,0.507787695068465,0.507787695068465
"AHSG",2,-0.134163998730986,-0.134163998730986
"AIP",2,-0.372297810577081,-0.372297810577081
"ALKAL2",2,0.129065959009706,0.129065959009706
"ANGPT1",2,0.277994576587213,0.277994576587213
"ANGPT2",2,0.400214782799364,0.400214782799364
"ANGPT4",2,-0.354552650144113,-0.354552650144113
"ANGPTL7",2,-0.233361328067057,-0.233361328067057
"APCDD1",2,0.345034558345995,0.345034558345995
"APOA5",2,-0.357714268595618,-0.357714268595618
"APOH",2,-0.101962427095102,-0.101962427095102
"ARHGDIB",2,0.31448169703871,0.31448169703871
"ARHGEF1",2,-0.343137720958996,-0.343137720958996
"ARID3A",2,-0.164130449857593,-0.164130449857593
"ARPC5",2,-0.129480218237792,-0.129480218237792
"ATF6",2,0.414085399488932,0.414085399488932
"ATG4A",2,-0.201862756302502,-0.201862756302502
"ATIC",2,0.111929077481766,0.111929077481766
"BAG6",2,0.768862801795574,0.768862801795574
"BCAN",2,0.276174703659915,0.276174703659915
"BCL2L2",2,0.078128592955041,0.078128592955041
"BLK",2,0.16420002762881,0.16420002762881
"BPI",2,-0.31612295089674,-0.31612295089674
"BRD2",2,-0.361140027194941,-0.361140027194941
"CADPS2",2,0.113130037440679,0.113130037440679
"CALCB",2,0.200369075872488,0.200369075872488
"CAMP",2,-0.267858353662898,-0.267858353662898
"CAND1",2,0.463482378946813,0.463482378946813
"CBLN4",2,0.470248759310313,0.470248759310313
"CBX5",2,-0.126227293963997,-0.126227293963997
"CCDC50",2,0.591306902336015,0.591306902336015
"CCK",2,0.243309149565167,0.243309149565167
"CD1B",2,-0.192653663985484,-0.192653663985484
"CD27",2,0.126016668527409,0.126016668527409
"CD38",2,-0.171876779468084,-0.171876779468084
"CD3E",2,0.24965347137367,0.24965347137367
"CD58",2,0.250406214449462,0.250406214449462
"CDC42BPB",2,-0.291027331411964,-0.291027331411964
"CDH11",2,0.395049754216905,0.395049754216905
"CDH15",2,-0.189811124117414,-0.189811124117414
"CDH6",2,-0.356197591553591,-0.356197591553591
"CDH7",2,0.449960128520159,0.449960128520159
"CDKN2B",2,0.155545162245714,0.155545162245714
"CEACAM8",2,-0.174169112355553,-0.174169112355553
"CERT1",2,-0.112487377568597,-0.112487377568597
"CETN1",2,-0.141050620971732,-0.141050620971732
"CETN2",2,0.125391245689558,0.125391245689558
"CLEC1B",2,-0.160380783515525,-0.160380783515525
"CLEC2D",2,-0.370373150773852,-0.370373150773852
"CNN1",2,0.300740668791036,0.300740668791036
"CNTFR",2,0.495664020998801,0.495664020998801
"CNTNAP2",2,0.496941301950484,0.496941301950484
"COL6A1",2,0.227817265516608,0.227817265516608
"CRLF2",2,-0.248538191215228,-0.248538191215228
"CSF3",2,0.121586522486371,0.121586522486371
"CTDSPL",2,-0.364434745467965,-0.364434745467965
"CTF1",2,0.566829408849436,0.566829408849436
"CTSD",2,-0.35786219309522,-0.35786219309522
"CXADR",2,0.106853707089879,0.106853707089879
"CXCL12",2,0.134359900083746,0.134359900083746
"DCAF12",2,0.13769240941937,0.13769240941937
"DDX23",2,-0.133634241956291,-0.133634241956291
"DERL1",2,-0.11517514432802,-0.11517514432802
"DFFA",2,0.215170971884316,0.215170971884316
"DHX58",2,-0.118217295875408,-0.118217295875408
"DHX9",2,-0.21519995064422,-0.21519995064422
"DKK3",2,0.358114985908242,0.358114985908242
"DLG2",2,0.836012477094321,0.836012477094321
"DRAXIN",2,0.287683266770384,0.287683266770384
"DYNC1LI1",2,0.137128385046397,0.137128385046397
"EBI3",2,0.155090885902142,0.155090885902142
"EDA",2,0.196269632502031,0.196269632502031
"EGLN1",2,-0.411871826584062,-0.411871826584062
"EIF2B1",2,-0.299943712522287,-0.299943712522287
"EIF4A1",2,0.218558847376128,0.218558847376128
"EIF4H",2,0.427729744659442,0.427729744659442
"ENO1",2,0.434757092706334,0.434757092706334
"ERO1A",2,0.19623827027317,0.19623827027317
"ETV5",2,-0.114973765718858,-0.114973765718858
"EVL",2,0.491535800893309,0.491535800893309
"EWSR1",2,0.402483918862176,0.402483918862176
"FBLIM1",2,0.291991371153871,0.291991371153871
"FBXO3",2,0.121937475652371,0.121937475652371
"FCER1A",2,-0.23004483760037,-0.23004483760037
"FEN1",2,0.237347384808027,0.237347384808027
"FGF22",2,-0.123782327523678,-0.123782327523678
"FHIT",2,0.658324827718746,0.658324827718746
"FLII",2,0.405667887376109,0.405667887376109
"FSTL1",2,0.145124705116836,0.145124705116836
"FTH1",2,0.443721145269603,0.443721145269603
"FTL",2,0.396806632559071,0.396806632559071
"FUT11",2,0.173941202862362,0.173941202862362
"FZD10",2,0.21283944722234,0.21283944722234
"G3BP2",2,0.34689234939689,0.34689234939689
"GAD1",2,0.403743946771427,0.403743946771427
"GADD45GIP1",2,-0.101551584401126,-0.101551584401126
"GAS6",2,0.478534106236497,0.478534106236497
"GIPC1",2,0.139626654808857,0.139626654808857
"GLRX",2,0.353962851948688,0.353962851948688
"GOLGA7",2,-0.18339985934728,-0.18339985934728
"GPI",2,0.65308239241215,0.65308239241215
"GPX1",2,0.113306937629699,0.113306937629699
"GRAP2",2,0.176238795089125,0.176238795089125
"GREM2",2,0.290700353972922,0.290700353972922
"GRIK2",2,0.215275202911328,0.215275202911328
"GXYLT1",2,0.213450763920525,0.213450763920525
"H1-2",2,-0.350863002142919,-0.350863002142919
"H2BC12",2,-0.119174745940788,-0.119174745940788
"H2BC21",2,-0.104635153638103,-0.104635153638103
"HES5",2,0.126032273918915,0.126032273918915
"HIPK3",2,0.417109528917966,0.417109528917966
"HK1",2,0.290664596391581,0.290664596391581
"HK2",2,-0.342990555051124,-0.342990555051124
"HMGB2",2,-0.389399620881971,-0.389399620881971
"HSPA2",2,0.381056757945081,0.381056757945081
"HSPB6",2,0.313736330819197,0.313736330819197
"HSPH1",2,0.242522083937398,0.242522083937398
"IFNGR2",2,0.466298796156676,0.466298796156676
"IFNL1",2,0.110488904278542,0.110488904278542
"IGFBP4",2,0.233911596773835,0.233911596773835
"IGFLR1",2,0.416647381615782,0.416647381615782
"IGSF8",2,0.467832630701179,0.467832630701179
"IL17F",2,-0.111904549436432,-0.111904549436432
"IL1B",2,-0.347931086637989,-0.347931086637989
"IL22RA2",2,-0.150662598010438,-0.150662598010438
"IL3",2,-0.21332674995084,-0.21332674995084
"IL3RA",2,0.218441678639089,0.218441678639089
"IL7",2,0.189275735638521,0.189275735638521
"INPP4B",2,-0.136052406241503,-0.136052406241503
"IRF4",2,0.00402075182506741,0.00402075182506741
"IST1",2,-0.339820247954946,-0.339820247954946
"ITPKA",2,-0.184881248791204,-0.184881248791204
"KAT2A",2,0.376500076177917,0.376500076177917
"KCNIP3",2,0.166959942175284,0.166959942175284
"KIAA0319L",2,0.349045794275803,0.349045794275803
"KIR2DL4",2,-0.134783973895669,-0.134783973895669
"KIR3DL2",2,-0.104791934877901,-0.104791934877901
"KLHL2",2,0.599288618649935,0.599288618649935
"KLK3",2,-0.252121509881908,-0.252121509881908
"KLRG2",2,-0.272261778370489,-0.272261778370489
"KMT2D",2,-0.382123050330624,-0.382123050330624
"LEFTY2",2,0.190095092353258,0.190095092353258
"LGALS8",2,0.178808920331087,0.178808920331087
"LILRA2",2,0.381386006175575,0.381386006175575
"LILRA5",2,-0.340699061174043,-0.340699061174043
"LIMA1",2,0.140658732154702,0.140658732154702
"LONP1",2,-0.15575078582701,-0.15575078582701
"LRP1B",2,-0.113972201240107,-0.113972201240107
"LSAMP",2,0.448343242988473,0.448343242988473
"LSP1",2,-0.206205812206618,-0.206205812206618
"LYPD3",2,0.134755658704441,0.134755658704441
"MAD2L1",2,0.418349203566748,0.418349203566748
"MAFG",2,-0.302990261187996,-0.302990261187996
"MAGEA3",2,-0.114032993825461,-0.114032993825461
"MAPRE2",2,-0.113680706924002,-0.113680706924002
"MASP1",2,-0.355886554528105,-0.355886554528105
"MBD4",2,-0.383877553516501,-0.383877553516501
"ME1",2,0.713189869869616,0.713189869869616
"MED28",2,-0.247429339872168,-0.247429339872168
"MFAP5",2,0.202689712232939,0.202689712232939
"MFGE8",2,0.373060310663757,0.373060310663757
"MFN1",2,-0.129497736833166,-0.129497736833166
"MICB",2,0.206906807287002,0.206906807287002
"MMRN2",2,-0.156597122142586,-0.156597122142586
"MOB1A",2,-0.359891841371168,-0.359891841371168
"MOB1B",2,0.183167821048992,0.183167821048992
"MVD",2,-0.142394575381893,-0.142394575381893
"MXI1",2,-0.0996201671290148,-0.0996201671290148
"NCKIPSD",2,0.555054114812577,0.555054114812577
"NDRG1",2,0.398173422949195,0.398173422949195
"NELFE",2,-0.266219725981471,-0.266219725981471
"NEURL1",2,0.148031960983179,0.148031960983179
"NPTXR",2,0.311029189883211,0.311029189883211
"NRGN",2,0.838740246401202,0.838740246401202
"NT5E",2,0.12090471892517,0.12090471892517
"NTF4",2,-0.257059314142237,-0.257059314142237
"NUP98",2,-0.326669269164605,-0.326669269164605
"NXPH2",2,0.546237231042859,0.546237231042859
"OLR1",2,0.618070969617968,0.618070969617968
"OTULIN",2,0.452435579832926,0.452435579832926
"PALM",2,0.527517337116725,0.527517337116725
"PAPOLG",2,-0.130003079075228,-0.130003079075228
"PARVA",2,0.351919866584477,0.351919866584477
"PCDH1",2,0.474528527835092,0.474528527835092
"PCK1",2,-0.262822640045527,-0.262822640045527
"PDGFD",2,-0.135706115687216,-0.135706115687216
"PDHA2",2,0.247328869234932,0.247328869234932
"PDIA6",2,0.541063813694494,0.541063813694494
"PDLIM1",2,-0.128862390844835,-0.128862390844835
"PDLIM4",2,0.480331676773788,0.480331676773788
"PDXP",2,0.601177732852142,0.601177732852142
"PFKFB3",2,-0.157968439742373,-0.157968439742373
"PGAM1",2,0.501426983561585,0.501426983561585
"PGLYRP1",2,-0.06379990679662,-0.06379990679662
"PHB2",2,-0.144200393493076,-0.144200393493076
"PHGDH",2,0.293518666273384,0.293518666273384
"PHKA1",2,-0.250964402444969,-0.250964402444969
"PIK3C2A",2,0.191614756678517,0.191614756678517
"PIP4K2A",2,-0.167126260086708,-0.167126260086708
"PNKP",2,-0.374826663116841,-0.374826663116841
"POFUT1",2,0.268269411869495,0.268269411869495
"POLB",2,-0.379414475746361,-0.379414475746361
"POMC",2,0.287981870559632,0.287981870559632
"PPIG",2,-0.203965541396032,-0.203965541396032
"PRKAR1A",2,0.699705669107899,0.699705669107899
"PRKAR1B",2,0.6079936291309,0.6079936291309
"PRKAR2B",2,0.503316336457211,0.503316336457211
"PSG4",2,-0.125279922488627,-0.125279922488627
"PSMB4",2,0.411640412188287,0.411640412188287
"PSME3",2,-0.0980645559275571,-0.0980645559275571
"PSTPIP1",2,-0.169332322468818,-0.169332322468818
"PTGES3",2,0.43230403534627,0.43230403534627
"PTHLH",2,0.20381365208754,0.20381365208754
"PTPA",2,0.715723609944702,0.715723609944702
"PTPN4",2,0.400532015887966,0.400532015887966
"PUF60",2,0.429004097375592,0.429004097375592
"RAB11A",2,0.0990136426848496,0.0990136426848496
"RAET1L",2,0.155147931173214,0.155147931173214
"RAN",2,0.135380664763458,0.135380664763458
"RBBP6",2,-0.128022014387174,-0.128022014387174
"RNASE2",2,0.345401193621451,0.345401193621451
"RNF128",2,0.0251246711315426,0.0251246711315426
"RNF146",2,0.263087461765824,0.263087461765824
"RPS6KA6",2,-0.288269607908451,-0.288269607908451
"RSPO2",2,0.417080285257234,0.417080285257234
"RUFY1",2,0.224773378599064,0.224773378599064
"S100A2",2,0.0978935783492358,0.0978935783492358
"SCARF1",2,0.464243762069453,0.464243762069453
"SEMA4C",2,0.487175043156519,0.487175043156519
"SEMA4F",2,0.210448980336901,0.210448980336901
"SEMA6C",2,0.0415115344178904,0.0415115344178904
"SERPINB2",2,0.173677959061203,0.173677959061203
"SERPIND1",2,0.162880845982117,0.162880845982117
"SHBG",2,0.103909195895769,0.103909195895769
"SLITRK5",2,0.534969262070168,0.534969262070168
"SMOC2",2,0.429305323285953,0.429305323285953
"SNCG",2,0.611797613599762,0.611797613599762
"SND1",2,-0.312639460205893,-0.312639460205893
"SNX5",2,-0.251410193416765,-0.251410193416765
"SOST",2,-0.120120864642789,-0.120120864642789
"SOSTDC1",2,0.115118604256346,0.115118604256346
"SPN",2,0.202139172636501,0.202139172636501
"SPON2",2,0.167656234379285,0.167656234379285
"SRPK1",2,-0.174809105287078,-0.174809105287078
"SSB",2,-0.311100944870084,-0.311100944870084
"ST6GAL1",2,-0.345989912608947,-0.345989912608947
"STAMBP",2,-0.237095046966404,-0.237095046966404
"STAR",2,0.601834123664328,0.601834123664328
"STMN3",2,0.776362613893729,0.776362613893729
"STX4",2,0.142643074591068,0.142643074591068
"STX7",2,0.740203117536787,0.740203117536787
"SUMO2",2,0.471247799008479,0.471247799008479
"SUMO3",2,0.805184049614641,0.805184049614641
"SYAP1",2,0.419883986105104,0.419883986105104
"TACC3",2,-0.170721794545041,-0.170721794545041
"TAFA3",2,0.146445783735776,0.146445783735776
"TAFA4",2,0.448620047644395,0.448620047644395
"TARBP2",2,-0.130873078630369,-0.130873078630369
"TAX1BP1",2,0.634732477144539,0.634732477144539
"TAX1BP3",2,0.329800290620343,0.329800290620343
"TBP",2,0.166531406782148,0.166531406782148
"TCEAL1",2,-0.10249222867068,-0.10249222867068
"TCL1B",2,-0.113518172231893,-0.113518172231893
"TCN2",2,0.107187310005493,0.107187310005493
"TF",2,-0.252128148848881,-0.252128148848881
"THBS4",2,0.350544570638335,0.350544570638335
"TINF2",2,0.118541922814517,0.118541922814517
"TKT",2,0.604234201179673,0.604234201179673
"TMEM132A",2,0.491984921092103,0.491984921092103
"TMEM167A",2,-0.110282835153252,-0.110282835153252
"TNFAIP1",2,-0.10424359611959,-0.10424359611959
"TNFRSF21",2,0.554964975572948,0.554964975572948
"TNFSF11",2,-0.153180099666369,-0.153180099666369
"TNFSF12",2,0.585081850822006,0.585081850822006
"TNFSF8",2,0.509129795456569,0.509129795456569
"TOM1L1",2,0.31793808742822,0.31793808742822
"TOP1",2,-0.401458250189488,-0.401458250189488
"TPD52L2",2,0.198002697481304,0.198002697481304
"TREM1",2,0.239913798024759,0.239913798024759
"TSC22D3",2,-0.251797995375867,-0.251797995375867
"TXNRD1",2,0.808346414490167,0.808346414490167
"TYRP1",2,-0.169219129706207,-0.169219129706207
"UBE2D2",2,0.505072047322546,0.505072047322546
"UBE2D3",2,0.424747661574603,0.424747661574603
"UBE2J1",2,-0.363276859445089,-0.363276859445089
"UBE2S",2,0.106926919990523,0.106926919990523
"UBE2T",2,-0.104039265462314,-0.104039265462314
"UCK1",2,-0.255050248340282,-0.255050248340282
"ULBP2",2,0.240494929502002,0.240494929502002
"ULBP3",2,0.215313669585373,0.215313669585373
"USF2",2,0.20293430238162,0.20293430238162
"USP19",2,-0.162282860414208,-0.162282860414208
"VAMP2",2,0.491646518893664,0.491646518893664
"VIP",2,0.260265453805777,0.260265453805777
"VRK1",2,-0.176836149509957,-0.176836149509957
"VSIG4",2,0.444438947427012,0.444438947427012
"WNT16",2,0.296744816954262,0.296744816954262
"ZBP1",2,-0.347136448064403,-0.347136448064403
"ZG16B",2,-0.115859254881956,-0.115859254881956
"ZHX2",2,-0.383599575845837,-0.383599575845837
"ZNF264",2,-0.391069857020654,-0.391069857020654
"A1BG",1,-0.107229819658131,-0.107229819658131
"ACO1",1,0.409590289153498,0.409590289153498
"ACP3",1,0.13347041828252,0.13347041828252
"ACP5",1,0.310170692454216,0.310170692454216
"ADAM7",1,-0.308107034245459,-0.308107034245459
"ADGRB2",1,0.57119852743021,0.57119852743021
"ADGRD1",1,0.185022614457575,0.185022614457575
"ADGRE2",1,0.19779032263136,0.19779032263136
"ADSL",1,0.283551380223712,0.283551380223712
"AFAP1L2",1,0.298902983415024,0.298902983415024
"AFP",1,-0.257150926517191,-0.257150926517191
"AGRP",1,0.141139354789347,0.141139354789347
"AIMP1",1,0.206500930615367,0.206500930615367
"ALDH2",1,-0.106845184932221,-0.106845184932221
"ALDH6A1",1,0.2223647034583,0.2223647034583
"ALDOA",1,0.719591237184431,0.719591237184431
"ALG2",1,-0.137873392266074,-0.137873392266074
"ALPI",1,0.489846915376144,0.489846915376144
"AMBP",1,-0.203113804538553,-0.203113804538553
"AMIGO2",1,0.447255005444464,0.447255005444464
"ANKRD2",1,-0.221855424300092,-0.221855424300092
"ANOS1",1,0.136322859549886,0.136322859549886
"ANP32B",1,0.355220385924592,0.355220385924592
"ANXA4",1,-0.33932634816771,-0.33932634816771
"AP1B1",1,0.227619634924247,0.227619634924247
"AP2B1",1,0.627121494854876,0.627121494854876
"APOC1",1,-0.143921691598972,-0.143921691598972
"APOD",1,0.202880655657455,0.202880655657455
"APOM",1,-0.120088872451561,-0.120088872451561
"APTX",1,0.112770544932209,0.112770544932209
"ARF5",1,-0.153570750741489,-0.153570750741489
"ARFGAP2",1,0.521961174656083,0.521961174656083
"ARHGAP22",1,-0.128309453936785,-0.128309453936785
"ARPC1B",1,0.188032763776545,0.188032763776545
"ARSA",1,0.112381210980121,0.112381210980121
"ASAP3",1,0.23206192817144,0.23206192817144
"ASGR1",1,-0.384259474245962,-0.384259474245962
"ASPH",1,0.411598102465009,0.411598102465009
"ATP1B1",1,0.487071033267415,0.487071033267415
"ATP5PO",1,-0.287991624977653,-0.287991624977653
"BACH2",1,0.174863458933475,0.174863458933475
"BAG4",1,-0.106423944145687,-0.106423944145687
"BCAM",1,0.423812234982449,0.423812234982449
"BEX4",1,0.137265316913521,0.137265316913521
"BICD1",1,0.227149832072137,0.227149832072137
"BICDL1",1,0.0974955303139956,0.0974955303139956
"BTN1A1",1,0.156838346273377,0.156838346273377
"BTN2A2",1,0.258561719767181,0.258561719767181
"BTN3A2",1,0.26603660922903,0.26603660922903
"BTN3A3",1,0.38437387596438,0.38437387596438
"C1QL1",1,0.341841827914602,0.341841827914602
"C1QL3",1,0.64187129802477,0.64187129802477
"C1QL4",1,0.176055001896191,0.176055001896191
"C5",1,-0.119208916824498,-0.119208916824498
"CABP2",1,0.110309819161234,0.110309819161234
"CAPNS1",1,0.44086951931836,0.44086951931836
"CASQ2",1,0.21191665516524,0.21191665516524
"CAV3",1,-0.200244326561593,-0.200244326561593
"CBR3",1,0.125545009330584,0.125545009330584
"CBS",1,0.325984109350332,0.325984109350332
"CCDC80",1,0.289164088144632,0.289164088144632
"CCL5",1,-0.317564479929186,-0.317564479929186
"CCNH",1,-0.250423561966836,-0.250423561966836
"CCPG1",1,0.48129986009392,0.48129986009392
"CD1A",1,0.16279334406958,0.16279334406958
"CD1D",1,-0.149641838058588,-0.149641838058588
"CD300C",1,0.131179891787765,0.131179891787765
"CD300LG",1,0.102509267177784,0.102509267177784
"CD5L",1,-0.119363072319376,-0.119363072319376
"CD83",1,0.452108075270885,0.452108075270885
"CDH12",1,0.387169731957826,0.387169731957826
"CEACAM19",1,0.133363584068112,0.133363584068112
"CEACAM21",1,-0.150315681799949,-0.150315681799949
"CEACAM4",1,-0.176073995559943,-0.176073995559943
"CELF2",1,-0.266281558533136,-0.266281558533136
"CEP76",1,-0.246122075324294,-0.246122075324294
"CER1",1,0.33060580221704,0.33060580221704
"CGB3",1,0.149805176702769,0.149805176702769
"CHIA",1,0.111968522958057,0.111968522958057
"CHMP2A",1,0.266612957519959,0.266612957519959
"CHRD",1,0.465089878677481,0.465089878677481
"CHRNB3",1,0.190179357127802,0.190179357127802
"CIB1",1,0.33794325461955,0.33794325461955
"CISD2",1,-0.407511195914627,-0.407511195914627
"CKS1B",1,-0.285038045111007,-0.285038045111007
"CLEC11A",1,0.230823520562933,0.230823520562933
"CLEC2A",1,0.12692258885564,0.12692258885564
"CLEC4G",1,0.253065683131454,0.253065683131454
"CNMD",1,0.226572804742369,0.226572804742369
"CNTN3",1,0.58373995644725,0.58373995644725
"CNTN6",1,0.412216912477048,0.412216912477048
"COL6A2",1,-0.185534196630918,-0.185534196630918
"COL6A3",1,0.27132897333513,0.27132897333513
"COL6A5",1,0.12997185281728,0.12997185281728
"COL8A1",1,-0.148856951682461,-0.148856951682461
"COL9A1",1,-0.127562814573898,-0.127562814573898
"COL9A3",1,0.271256681137558,0.271256681137558
"COLGALT2",1,-0.116235365979021,-0.116235365979021
"COMMD5",1,-0.140761749857313,-0.140761749857313
"CP",1,-0.118735392025592,-0.118735392025592
"CPE",1,0.245682993013846,0.245682993013846
"CPM",1,0.260508490043983,0.260508490043983
"CRIP2",1,0.365657341191444,0.365657341191444
"CRISP3",1,-0.102040402124036,-0.102040402124036
"CRLF3",1,0.40924492406402,0.40924492406402
"CRTC3",1,0.193683097577978,0.193683097577978
"CRYBB1",1,0.374863446477766,0.374863446477766
"CRYBB3",1,0.12816499228645,0.12816499228645
"CSMD1",1,0.273587868341874,0.273587868341874
"CST3",1,-0.133059249019857,-0.133059249019857
"CTCF",1,-0.152160089619027,-0.152160089619027
"CTNNBIP1",1,0.583447066074012,0.583447066074012
"CTPS1",1,0.175746187208832,0.175746187208832
"CTSF",1,-0.147427064186129,-0.147427064186129
"CTSV",1,-0.231040180191017,-0.231040180191017
"CX3CL1",1,0.13833404298247,0.13833404298247
"CXCL2",1,-0.24333835507344,-0.24333835507344
"CXCL3",1,-0.197228746167137,-0.197228746167137
"CXCL5",1,-0.127769873563303,-0.127769873563303
"CYGB",1,0.399028234775845,0.399028234775845
"CYP3A4",1,0.0881735112484575,0.0881735112484575
"DAZAP1",1,-0.243961628702338,-0.243961628702338
"DBNL",1,0.239974209042361,0.239974209042361
"DCK",1,-0.227850634031651,-0.227850634031651
"DCP1A",1,0.175698342817103,0.175698342817103
"DIDO1",1,-0.13127122870233,-0.13127122870233
"DLK2",1,0.520496492139796,0.520496492139796
"DNAJB1",1,-0.121951077611544,-0.121951077611544
"DNAJB11",1,0.556308520625983,0.556308520625983
"DNAJB12",1,0.433904645773448,0.433904645773448
"DNAJB2",1,0.667286982557165,0.667286982557165
"DNER",1,0.496073973003149,0.496073973003149
"DNPEP",1,-0.183896906903103,-0.183896906903103
"DOC2B",1,0.756584943094663,0.756584943094663
"DOCK2",1,0.169326909064323,0.169326909064323
"DPYSL3",1,0.130021288750548,0.130021288750548
"DPYSL5",1,0.220506462092905,0.220506462092905
"DSCAML1",1,0.434177770384095,0.434177770384095
"DTD1",1,0.778170131678325,0.778170131678325
"DUSP23",1,-0.206327164920006,-0.206327164920006
"DUT",1,0.445741067315045,0.445741067315045
"DYNC1LI2",1,-0.132008508542359,-0.132008508542359
"DYNLT1",1,-0.359205091450171,-0.359205091450171
"DYRK3",1,-0.107529828973557,-0.107529828973557
"EBAG9",1,0.152194371315213,0.152194371315213
"EDC4",1,0.352788802835683,0.352788802835683
"EEF1D",1,0.114705018188679,0.114705018188679
"EFEMP1",1,-0.14204004746905,-0.14204004746905
"EFHD1",1,0.347951046842273,0.347951046842273
"EHD1",1,0.508819856270193,0.508819856270193
"EHD4",1,-0.100416541348432,-0.100416541348432
"EIF3G",1,0.330645327053585,0.330645327053585
"EIF4G3",1,0.205602050458969,0.205602050458969
"ELAVL2",1,0.824511671691965,0.824511671691965
"ELP1",1,-0.352212146244329,-0.352212146244329
"EPHX2",1,-0.103340684181316,-0.103340684181316
"EPS8L2",1,0.370583641514182,0.370583641514182
"ERAP1",1,0.154541450589728,0.154541450589728
"ERC1",1,-0.188594621419508,-0.188594621419508
"ERP44",1,0.319749699831066,0.319749699831066
"ESAM",1,0.513068842956729,0.516684176893553
"ESM1",1,0.105314706738552,0.105314706738552
"EVPL",1,-0.116607097904145,-0.116607097904145
"FABP3",1,0.496045924235813,0.496045924235813
"FCN3",1,-0.208247485813319,-0.208247485813319
"FCRL6",1,-0.364952370958882,-0.364952370958882
"FERMT3",1,0.220426395577378,0.220426395577378
"FGFBP1",1,-0.135150531430053,-0.135150531430053
"FGL2",1,0.18213324931687,0.18213324931687
"FH",1,0.185082873611939,0.185082873611939
"FKBP1A",1,0.501859282611878,0.501859282611878
"FKBP4",1,0.36605693149425,0.36605693149425
"FLI1",1,-0.295894428091325,-0.295894428091325
"FLT3LG",1,0.180546549448498,0.180546549448498
"FOXC2",1,-0.159905615533934,-0.159905615533934
"FTO",1,0.289709103893272,0.289709103893272
"FXN",1,0.295458859233992,0.295458859233992
"FXR1",1,-0.253854880772774,-0.253854880772774
"FXYD6",1,0.237517131928127,0.237517131928127
"GABBR2",1,0.420352908672054,0.420352908672054
"GAN",1,0.134537901757996,0.134537901757996
"GAS1",1,0.374570261182239,0.374570261182239
"GC",1,-0.170176888966055,-0.170176888966055
"GCK",1,0.129013369252593,0.129013369252593
"GCLM",1,0.334282634321069,0.334282634321069
"GGA1",1,0.650080933464848,0.650080933464848
"GHRL",1,0.327097480642446,0.327097480642446
"GIP",1,-0.131097206921367,-0.131097206921367
"GMPS",1,0.100833447619222,0.100833447619222
"GNG12",1,-0.291708850214445,-0.291708850214445
"GPR135",1,0.112605254275803,0.112605254275803
"GPX2",1,0.10010501570076,0.10010501570076
"GRIPAP1",1,-0.269104322200529,-0.269104322200529
"GRPEL1",1,-0.127099196948301,-0.127099196948301
"GSTA1",1,0.130702485630027,0.130702485630027
"GSTA2",1,-0.240342889695333,-0.240342889695333
"GTF2F2",1,-0.347856351893323,-0.347856351893323
"HAVCR2",1,0.400581097583701,0.399495104919309
"HAX1",1,0.557651512011082,0.557651512011082
"HDAC8",1,0.138089865119945,0.138089865119945
"HDGF",1,-0.20336067248565,-0.20336067248565
"HERC1",1,0.464863613282574,0.464863613282574
"HGFAC",1,-0.157751142814468,-0.157751142814468
"HIF1AN",1,0.311614523545782,0.311614523545782
"HINT1",1,-0.168269227549024,-0.168269227549024
"HMOX2",1,-0.361494517458875,-0.361494517458875
"HOMER1",1,0.610173506334021,0.610173506334021
"HOXA5",1,-0.116033496591804,-0.116033496591804
"HPD",1,0.240363369078549,0.240363369078549
"HPX",1,-0.192710958393288,-0.192710958393288
"HRC",1,0.127748248292314,0.127748248292314
"HSD17B10",1,-0.395207396891086,-0.395207396891086
"HSPA1B",1,0.477159539201812,0.477159539201812
"HSPA9",1,0.344132488536167,0.344132488536167
"HSPD1",1,0.346099957759997,0.346099957759997
"HTATIP2",1,-0.116611536135264,-0.116611536135264
"HTR2A",1,-0.133656961305559,-0.133656961305559
"IBSP",1,0.276942718829448,0.276942718829448
"IDH3G",1,-0.161859531792718,-0.161859531792718
"IFNA10",1,0.012866971914602,0.012866971914602
"IFNA4",1,-0.357877936925903,-0.357877936925903
"IFNA6",1,-0.121736202158999,-0.121736202158999
"IFNA8",1,-0.144276548077675,-0.144276548077675
"IFNL2",1,-0.11463569934436,-0.11463569934436
"IFNL3",1,0.248857108341552,0.248857108341552
"IFNW1",1,-0.141734802972271,-0.141734802972271
"IGBP1",1,0.542947465221693,0.542947465221693
"IGFL3",1,-0.305510970949959,-0.305510970949959
"IGHE",1,-0.240539762107187,-0.240539762107187
"IGHG1",1,-0.206288744637474,-0.206288744637474
"IGSF3",1,0.367630879741969,0.367630879741969
"IGSF9B",1,0.112041443818081,0.112041443818081
"IL12RB1",1,-0.360843687254479,-0.360843687254479
"IL17B",1,0.102486091813409,0.102486091813409
"IL17C",1,0.269393262139272,0.269393262139272
"IL17D",1,0.140204852623516,0.140204852623516
"IL17RB",1,-0.0364853896323645,-0.0364853896323645
"IL17RD",1,0.211175554217079,0.211175554217079
"IL19",1,-0.137705367929234,-0.137705367929234
"IL21R",1,-0.214505221204939,-0.214505221204939
"IL27RA",1,0.303939564358448,0.303939564358448
"IL36RN",1,-0.213702590020022,-0.213702590020022
"IL5",1,-0.186918682025797,-0.186918682025797
"IMPDH2",1,0.136158264188111,0.136158264188111
"IRAG1",1,0.125354706665325,0.125354706665325
"IRF2",1,-0.24769946279337,-0.24769946279337
"IRF9",1,-0.12101169183111,-0.12101169183111
"ITLN1",1,-0.243910797393611,-0.243910797393611
"ITM2B",1,0.197789992038873,0.197789992038873
"KIR2DL2",1,-0.381881488737827,-0.381881488737827
"KIR2DS2",1,0.124558039175336,0.124558039175336
"KIRREL1",1,0.214729081784024,0.214729081784024
"KITLG",1,0.246801340550949,0.246801340550949
"KLHL13",1,-0.114686746840954,-0.114686746840954
"KLRC3",1,0.354888493147563,0.354888493147563
"KPNA6",1,0.206103034825984,0.206103034825984
"KRT20",1,0.10167921036904,0.10167921036904
"LAD1",1,-0.126363394735957,-0.126363394735957
"LAIR2",1,-0.132017336117782,-0.132017336117782
"LAMA3",1,0.21472842618093,0.21472842618093
"LCT",1,0.154132202633477,0.154132202633477
"LDHB",1,0.370420715580804,0.370420715580804
"LECT2",1,-0.180239169337326,-0.180239169337326
"LIMD1",1,0.4786142435998,0.4786142435998
"LINGO1",1,0.279405306434707,0.279405306434707
"LPIN1",1,0.169787546015133,0.169787546015133
"LRP12",1,0.53940267566096,0.53940267566096
"LRRC52",1,0.211308354664702,0.211308354664702
"LRTM2",1,0.47731320853228,0.47731320853228
"LTB4R",1,0.23363839951283,0.23363839951283
"LY9",1,-0.179515450032989,-0.179515450032989
"MACROD1",1,-0.303247698727337,-0.303247698727337
"MAD2L1BP",1,0.250312319403789,0.250312319403789
"MAGEA6",1,0.224840976535948,0.224840976535948
"MALT1",1,-0.12587893331092,-0.12587893331092
"MAPRE3",1,0.530448654515983,0.530448654515983
"MARS1",1,-0.222666389577794,-0.222666389577794
"MEN1",1,-0.154107699188046,-0.154107699188046
"MFAP2",1,0.212494556618738,0.212494556618738
"MFAP3L",1,-0.363407740841405,-0.363407740841405
"MGMT",1,0.125695123210956,0.125695123210956
"MIA",1,-0.122800988892352,-0.122800988892352
"MILR1",1,0.334739282668292,0.334739282668292
"MMP16",1,0.682289172576001,0.682289172576001
"MMP19",1,0.28584281149582,0.28584281149582
"MMP20",1,-0.209564900498194,-0.209564900498194
"MPO",1,-0.180025382133302,-0.180025382133302
"MPZL2",1,-0.189444001172191,-0.189444001172191
"MRAP",1,-0.15006610102932,-0.15006610102932
"MRC2",1,0.398545763629903,0.398545763629903
"MRTO4",1,-0.224400928100013,-0.224400928100013
"MSR1",1,0.321940934731496,0.321940934731496
"MUTYH",1,0.105137560860967,0.105137560860967
"MXRA8",1,0.248056546335619,0.248056546335619
"MYL12A",1,0.149462825314539,0.149462825314539
"MYL4",1,0.303681508005715,0.303681508005715
"MYSM1",1,0.244135464973236,0.244135464973236
"MZF1",1,-0.155020578062385,-0.155020578062385
"NAALAD2",1,0.172564169112554,0.172564169112554
"NAMPT",1,-0.209398283670609,-0.209398283670609
"NAP1L1",1,-0.282117506624661,-0.282117506624661
"NCBP1",1,0.200671577984197,0.200671577984197
"NCF2",1,-0.225607013557483,-0.225607013557483
"NCR2",1,-0.0995713128382439,-0.0995713128382439
"NDC80",1,0.157055261019529,0.157055261019529
"NDE1",1,0.141299739358848,0.141299739358848
"NDP",1,0.12569881575482,0.12569881575482
"NDUFV2",1,0.523459973890031,0.523459973890031
"NEIL2",1,-0.109219196384337,-0.109219196384337
"NELL2",1,0.134905845391571,0.134905845391571
"NEU1",1,-0.121751431227436,-0.121751431227436
"NFE2L1",1,-0.302287227275587,-0.302287227275587
"NHEJ1",1,-0.145592482126541,-0.145592482126541
"NKD2",1,0.203766079970054,0.203766079970054
"NME1",1,0.288143605769513,0.288143605769513
"NMI",1,-0.103262693604061,-0.103262693604061
"NONO",1,-0.203626936106421,-0.203626936106421
"NPLOC4",1,0.426188165837131,0.426188165837131
"NPTX2",1,0.35282338758455,0.35282338758455
"NQO2",1,0.306196578104472,0.306196578104472
"NUB1",1,-0.132969669889058,-0.132969669889058
"NUCB2",1,0.334151188513251,0.334151188513251
"NUDT1",1,0.17088111819367,0.17088111819367
"NUDT3",1,0.677570806992985,0.677570806992985
"ODC1",1,-0.243545565127593,-0.243545565127593
"OGFR",1,0.096868258644707,0.096868258644707
"OLFM2",1,0.291952138555598,0.291952138555598
"OSTN",1,-0.142190173700039,-0.142190173700039
"OXT",1,0.172766290592013,0.172766290592013
"P2RX6",1,-0.124572442790299,-0.124572442790299
"P4HA2",1,0.409248504058952,0.409248504058952
"P4HB",1,0.230468476064152,0.230468476064152
"PAIP1",1,0.169464255382508,0.169464255382508
"PAM",1,0.318013720740024,0.318013720740024
"PBRM1",1,-0.370205228416989,-0.370205228416989
"PCBP1",1,0.251347193846905,0.251347193846905
"PCSK2",1,0.27103349204745,0.27103349204745
"PDAP1",1,-0.272741075048358,-0.272741075048358
"PDCD5",1,0.748768554665415,0.748768554665415
"PDCD6IP",1,0.12005429444619,0.12005429444619
"PDE1B",1,0.76355984607778,0.76355984607778
"PDE9A",1,0.282499477599459,0.282499477599459
"PDIA4",1,0.293660749104177,0.301370154361477
"PENK",1,0.217271556609787,0.217271556609787
"PFKM",1,0.321437915868071,0.321437915868071
"PFN1",1,0.410567217201768,0.410567217201768
"PGAM2",1,0.561009292232553,0.561009292232553
"PGD",1,0.119181123947225,0.119181123947225
"PGK1",1,0.413611111020992,0.413611111020992
"PHF3",1,-0.408534201115947,-0.408534201115947
"PHYHIP",1,0.174072424203184,0.174072424203184
"PIP4K2B",1,-0.323028278764995,-0.323028278764995
"PKLR",1,-0.193846479845068,-0.193846479845068
"PLXDC1",1,0.38056275319426,0.38056275319426
"PLXDC2",1,0.468590253570141,0.468590253570141
"POLR2E",1,-0.32100913929992,-0.32100913929992
"POLR2F",1,-0.228580359193109,-0.228580359193109
"PON2",1,0.117543958717154,0.117543958717154
"PPIA",1,0.514126842165348,0.514126842165348
"PPM1G",1,0.411307059856193,0.411307059856193
"PPM1L",1,-0.138065264106364,-0.138065264106364
"PPME1",1,0.350874370017289,0.350874370017289
"PPP2R1A",1,0.208289005049902,0.208289005049902
"PPP2R5D",1,0.234978071597674,0.234978071597674
"PPP4R3A",1,-0.173550987060326,-0.173550987060326
"PRDX3",1,0.744733175321648,0.744733175321648
"PRDX6",1,0.373730774465191,0.373730774465191
"PRKCSH",1,0.542317899303298,0.542317899303298
"PRL",1,-0.183059164685181,-0.183059164685181
"PROCR",1,0.263874366468315,0.263874366468315
"PRPF19",1,-0.15520999570957,-0.15520999570957
"PSG6",1,-0.142566817205418,-0.142566817205418
"PSMA7",1,0.535662855936927,0.535662855936927
"PSMC5",1,0.266440048220892,0.266440048220892
"PTGR1",1,0.193132777808788,0.193132777808788
"PTH",1,0.267860390587319,0.267860390587319
"PTS",1,-0.243087307002305,-0.243087307002305
"PURB",1,-0.104548452500723,-0.104548452500723
"PYCARD",1,0.33921523868076,0.33921523868076
"RAB14",1,0.292845130968558,0.292845130968558
"RAB2A",1,-0.253755490475029,-0.253755490475029
"RAB6A",1,0.307237937639682,0.307237937639682
"RAB6B",1,0.448172022407166,0.448172022407166
"RABEP1",1,-0.355328975041294,-0.355328975041294
"RABEPK",1,0.12423447749978,0.12423447749978
"RAC2",1,-0.270584783240954,-0.270584783240954
"RAD23B",1,0.666296489341824,0.666296489341824
"RALA",1,0.338936233610381,0.338936233610381
"RANBP1",1,-0.281976322373313,-0.281976322373313
"RAP2A",1,0.210409453094365,0.210409453094365
"RASSF5",1,-0.104261644632411,-0.104261644632411
"RBFOX2",1,0.509816050275691,0.509816050275691
"RBM17",1,-0.363355754130388,-0.363355754130388
"RBM39",1,-0.348133022023038,-0.348133022023038
"RELB",1,0.233716181845722,0.233716181845722
"RETREG1",1,0.122478445039799,0.122478445039799
"RFNG",1,0.264928921405563,0.264928921405563
"RGS10",1,0.332919722904074,0.332919722904074
"RGS18",1,0.102498100334245,0.102498100334245
"RHOB",1,0.412152533666503,0.412152533666503
"RHOC",1,-0.127114952689415,-0.127114952689415
"RHOT1",1,0.147674957706369,0.147674957706369
"RND1",1,0.45074030730701,0.45074030730701
"RPL11",1,-0.257315396132874,-0.257315396132874
"RPRD1B",1,-0.409362082212388,-0.409362082212388
"RRM1",1,-0.110167099992198,-0.110167099992198
"RSPO4",1,0.329841421174779,0.329841421174779
"RUVBL1",1,-0.148459651808488,-0.148459651808488
"S100A10",1,-0.312120189774253,-0.312120189774253
"S100A11",1,-0.097008322552329,-0.097008322552329
"S100A12",1,-0.123864637954985,-0.123864637954985
"S100A7",1,-0.242017658495718,-0.242017658495718
"S100P",1,0.153229576722091,0.153229576722091
"SCARA3",1,0.002020200311824,0.002020200311824
"SCGB2A1",1,-0.0782756766307175,-0.0782756766307175
"SCN2B",1,0.678720505919294,0.678720505919294
"SCN3B",1,0.386006267363182,0.386006267363182
"SCP2",1,0.14477095559277,0.14477095559277
"SDCBP",1,-0.169638415529911,-0.169638415529911
"SDF2L1",1,0.179768692778128,0.179768692778128
"SECTM1",1,0.160853387927057,0.160853387927057
"SEMA4B",1,0.321856931639464,0.321856931639464
"SEMA5B",1,0.335042063244208,0.335042063244208
"SEMA6A",1,0.240013817417562,0.240013817417562
"SEMA6B",1,0.262306525120084,0.262306525120084
"SERPINB1",1,0.504828667739,0.504828667739
"SERPINB5",1,-0.138425593773489,-0.138425593773489
"SERPINE2",1,0.0756190236540075,0.0756190236540075
"SFRP1",1,0.388149538979081,0.388149538979081
"SH2D1A",1,-0.0978405894571509,-0.0978405894571509
"SH2D3C",1,-0.119236802349807,-0.119236802349807
"SH3BP5",1,-0.288763325814954,-0.288763325814954
"SH3GL2",1,0.354082644151162,0.354082644151162
"SH3PXD2B",1,0.228793394742238,0.228793394742238
"SHARPIN",1,0.157999508279153,0.157999508279153
"SHC4",1,-0.359814761371576,-0.359814761371576
"SIGLEC11",1,-0.352612596607425,-0.352612596607425
"SMAP1",1,0.566177701386721,0.566177701386721
"SMOC1",1,0.788885427577756,0.788885427577756
"SMTN",1,0.115593166433693,0.115593166433693
"SNIP1",1,-0.197466859978753,-0.197466859978753
"SNX27",1,0.198883867021816,0.198883867021816
"SNX8",1,-0.109256369968122,-0.109256369968122
"SORCS1",1,0.364408281774283,0.364408281774283
"SORCS3",1,0.352914374115869,0.352914374115869
"SPON1",1,0.624232849348494,0.624232849348494
"SRGN",1,-0.310306123947351,-0.310306123947351
"SRI",1,0.29251048111829,0.29251048111829
"SRSF6",1,-0.263364106517644,-0.263364106517644
"SSBP1",1,-0.207250255240664,-0.207250255240664
"SSRP1",1,-0.103999118260467,-0.103999118260467
"SSU72",1,-0.245570277990765,-0.245570277990765
"ST13",1,0.714640668840314,0.714640668840314
"ST8SIA4",1,0.298788009587398,0.298788009587398
"STARD10",1,0.421390456458422,0.421390456458422
"STK17B",1,-0.133581263433583,-0.133581263433583
"STX17",1,0.298731507648891,0.298731507648891
"STXBP6",1,0.397855881734183,0.397855881734183
"SUB1",1,-0.22522576706083,-0.22522576706083
"SUGT1",1,0.696116195769691,0.696116195769691
"SULT4A1",1,-0.26971407076603,-0.26971407076603
"SV2A",1,0.593976045996112,0.593976045996112
"SYNCRIP",1,-0.343431563390938,-0.343431563390938
"SYNJ2BP",1,-0.29381406353929,-0.29381406353929
"SYT11",1,0.481795590192686,0.481795590192686
"SYT4",1,0.538093984706554,0.538093984706554
"SYT6",1,0.384533840606744,0.384533840606744
"TAGLN2",1,0.345859695719996,0.345859695719996
"TANK",1,-0.342170708572528,-0.342170708572528
"TBC1D25",1,0.297328177794593,0.297328177794593
"TBCB",1,0.683258328652772,0.683258328652772
"TBXAS1",1,0.202384346610052,0.202384346610052
"TCEA1",1,-0.101391707591368,-0.101391707591368
"TCN1",1,-0.3036648534123,-0.3036648534123
"TCTN2",1,0.127307457576383,0.127307457576383
"TEAD3",1,0.28543179415831,0.28543179415831
"TEAD4",1,0.0994824899587299,0.0994824899587299
"TECTB",1,0.137311539434165,0.137311539434165
"TENM2",1,0.114624527873289,0.114624527873289
"TENM3",1,-0.180836013232437,-0.180836013232437
"TENM4",1,0.578992689663238,0.578992689663238
"TFAM",1,-0.240142925174137,-0.240142925174137
"TFF1",1,-0.323712823663946,-0.323712823663946
"THBS3",1,0.298890568809921,0.298890568809921
"THEM4",1,-0.311642196946116,-0.311642196946116
"THOC1",1,-0.408980327691893,-0.408980327691893
"THSD7A",1,-0.127366686184322,-0.127366686184322
"TIAL1",1,-0.322415465283342,-0.322415465283342
"TIFA",1,0.113375198124349,0.113375198124349
"TIGAR",1,0.100770605560349,0.100770605560349
"TLK1",1,-0.174207265180568,-0.174207265180568
"TLN2",1,-0.191293778861579,-0.191293778861579
"TLR5",1,0.292483716956127,0.292483716956127
"TMEM59L",1,0.496923531290303,0.496923531290303
"TMOD1",1,-0.13205509868986,-0.13205509868986
"TNFAIP6",1,-0.214640441866961,-0.214640441866961
"TNFRSF11A",1,0.529849592726504,0.529849592726504
"TNFRSF13B",1,-0.327109252386767,-0.327109252386767
"TNFRSF13C",1,0.216853264756866,0.216853264756866
"TNFRSF18",1,0.0250628181131185,0.0250628181131185
"TNFSF14",1,-0.28143584353892,-0.28143584353892
"TNFSF15",1,0.0234662276261295,0.0234662276261295
"TOLLIP",1,0.597438890121963,0.597438890121963
"TOR1AIP1",1,0.473071897352034,0.473071897352034
"TP53I3",1,0.322612420284256,0.322612420284256
"TPM3",1,-0.0971636092255917,-0.0971636092255917
"TPO",1,-0.350215010498745,-0.350215010498745
"TPSG1",1,-0.111018589908811,-0.111018589908811
"TPT1",1,0.715896841857269,0.715896841857269
"TRAF4",1,-0.108238023045221,-0.108238023045221
"TRDMT1",1,0.153693141982869,0.153693141982869
"TREML1",1,-0.17962039856354,-0.17962039856354
"TRIM5",1,-0.15265847058317,-0.15265847058317
"TSLP",1,-0.400058607291144,-0.400058607291144
"TWF1",1,0.0997059843613727,0.0997059843613727
"TXNIP",1,0.13428968307255,0.13428968307255
"UBASH3B",1,-0.386482720870467,-0.386482720870467
"UBB",1,0.426674651773633,0.426674651773633
"UBD",1,0.241915354394302,0.241915354394302
"UBE2E1",1,0.254736457891159,0.254736457891159
"UBE2E3",1,0.129859358268552,0.129859358268552
"UBE2L3",1,-0.320392892309389,-0.320392892309389
"UBQLN2",1,0.723660584914252,0.723660584914252
"UCHL1",1,0.614723734602588,0.614723734602588
"UGT1A6",1,-0.143875466556408,-0.143875466556408
"ULBP1",1,-0.154927165667123,-0.154927165667123
"ULK3",1,-0.0995680331412504,-0.0995680331412504
"USP14",1,0.157758526637781,0.157758526637781
"USP15",1,0.329996011575038,0.329996011575038
"USP21",1,0.108106498524608,0.108106498524608
"USP25",1,-0.28480247783535,-0.28480247783535
"UTS2B",1,-0.273718844559133,-0.273718844559133
"VCPIP1",1,0.104791677514141,0.104791677514141
"VPS4A",1,0.774854025676158,0.774854025676158
"VSIG10",1,0.196224773795771,0.196224773795771
"WARS1",1,0.343818279024715,0.343818279024715
"WBP2",1,0.485927531810839,0.485927531810839
"WIF1",1,0.327108239623472,0.327108239623472
"WNK3",1,0.200806004449498,0.200806004449498
"WRNIP1",1,0.107202930903376,0.107202930903376
"XXYLT1",1,0.506370771096389,0.506370771096389
"YBX2",1,-0.234450010497004,-0.234450010497004
"YTHDC1",1,-0.128849125549127,-0.128849125549127
"YWHAG",1,0.858627927611296,0.858627927611296
"ZC3H8",1,0.128319679560249,0.128319679560249
"ZWINT",1,0.231338889925629,0.231338889925629
