"gene","rho_median","rho_mean","n_proteins"
"A1BG",-0.107229819658131,-0.107229819658131,1
"A2M",0.229940338255967,0.229940338255967,1
"ABL2",0.205238756727275,0.205238756727275,1
"ACAN",0.296555505157392,0.296555505157392,1
"ACAP2",-0.378569353000849,-0.378569353000849,1
"ACAT1",0.103998940758159,0.103998940758159,1
"ACE",0.346593940176084,0.346593940176084,1
"ACO1",0.409590289153498,0.409590289153498,1
"ACP3",0.13347041828252,0.13347041828252,1
"ACP5",0.310170692454216,0.310170692454216,1
"ACVR2A",0.469420989810003,0.469420989810003,1
"ACVR2B",-0.163332790595929,-0.163332790595929,1
"ACVRL1",-0.309858015214381,-0.309858015214381,1
"ADAM10",-0.176964191168417,-0.176964191168417,2
"ADAM12",0.330626705269831,0.330626705269831,1
"ADAM15",0.173564970301434,0.173564970301434,1
"ADAM17",0.219157562458471,0.219157562458471,1
"ADAM7",-0.308107034245459,-0.308107034245459,1
"ADAM9",0.482225219904574,0.482225219904574,1
"ADGRB1",0.480026549313213,0.480026549313213,1
"ADGRB2",0.57119852743021,0.57119852743021,1
"ADGRB3",0.494308514031462,0.494308514031462,1
"ADGRD1",0.185022614457575,0.185022614457575,1
"ADGRE2",0.19779032263136,0.19779032263136,1
"ADGRE5",0.323569153560192,0.323569153560192,2
"ADGRL3",0.437238216012126,0.437238216012126,1
"ADM",0.234159021310625,0.234159021310625,2
"ADSL",0.283551380223712,0.283551380223712,1
"AFAP1L2",0.298902983415024,0.298902983415024,1
"AFP",-0.257150926517191,-0.257150926517191,1
"AGAP2",0.439237923933137,0.439237923933137,1
"AGER",-0.101387765545239,-0.101387765545239,1
"AGR2",0.431757255882552,0.431757255882552,1
"AGRN",0.344662395567374,0.344662395567374,1
"AGRP",0.141139354789347,0.141139354789347,1
"AGT",-0.205100577358585,-0.205100577358585,1
"AHCYL1",-0.364591814851399,-0.364591814851399,1
"AHSA1",0.507787695068465,0.507787695068465,1
"AHSG",-0.134163998730986,-0.134163998730986,1
"AIFM1",-0.166711498159784,-0.166711498159784,1
"AIMP1",0.206500930615367,0.206500930615367,1
"AIP",-0.372297810577081,-0.372297810577081,1
"AKT1",0.500843349634375,0.500843349634375,1
"AKT1S1",0.344496997983041,0.344496997983041,1
"AKT2",0.26877658524964,0.26877658524964,1
"AKT3",0.590503328246596,0.590503328246596,1
"ALB",-0.233754478215216,-0.233754478215216,1
"ALCAM",0.440843201012172,0.440843201012172,1
"ALDH2",-0.106845184932221,-0.106845184932221,1
"ALDH6A1",0.2223647034583,0.2223647034583,1
"ALDOA",0.719591237184431,0.719591237184431,1
"ALG2",-0.137873392266074,-0.137873392266074,1
"ALK",0.481938920681002,0.481938920681002,1
"ALKAL2",0.129065959009706,0.129065959009706,1
"ALPI",0.489846915376144,0.489846915376144,1
"ALPL",0.345155313209612,0.345155313209612,1
"AMBP",-0.203113804538553,-0.203113804538553,1
"AMH",0.111590905686728,0.111590905686728,1
"AMIGO2",0.447255005444464,0.447255005444464,2
"AMPH",0.777372322534488,0.777372322534488,1
"ANGPT1",0.277994576587213,0.277994576587213,1
"ANGPT2",0.400214782799364,0.400214782799364,2
"ANGPT4",-0.354552650144113,-0.354552650144113,1
"ANGPTL1",0.246397375312897,0.246397375312897,2
"ANGPTL4",-0.117726277697822,-0.117726277697822,1
"ANGPTL7",-0.233361328067057,-0.233361328067057,1
"ANK2",0.200644886749458,0.200644886749458,1
"ANKRD2",-0.221855424300092,-0.221855424300092,1
"ANOS1",0.136322859549886,0.136322859549886,1
"ANP32A",-0.164566064304217,-0.164566064304217,1
"ANP32B",0.355220385924592,0.355220385924592,1
"ANXA4",-0.33932634816771,-0.33932634816771,1
"AP1B1",0.227619634924247,0.227619634924247,1
"AP2B1",0.627121494854876,0.627121494854876,1
"APAF1",0.206362400859313,0.206362400859313,1
"APCDD1",0.345034558345995,0.345034558345995,1
"APLP1",0.51662675481719,0.51662675481719,1
"APLP2",0.329815895900956,0.329815895900956,2
"APOA2",0.316748742279743,0.316748742279743,1
"APOA5",-0.357714268595618,-0.357714268595618,1
"APOC1",-0.143921691598972,-0.143921691598972,1
"APOD",0.202880655657455,0.202880655657455,1
"APOE",-0.0983631157092477,0.0300512641232481,3
"APOH",-0.101962427095102,-0.101962427095102,1
"APOM",-0.120088872451561,-0.120088872451561,1
"APTX",0.112770544932209,0.112770544932209,1
"ARAF",-0.104145885570242,-0.104145885570242,1
"ARF1",0.57482032316828,0.57482032316828,1
"ARF5",-0.153570750741489,-0.153570750741489,1
"ARFGAP2",0.521961174656083,0.521961174656083,1
"ARHGAP1",0.374904288001825,0.374904288001825,2
"ARHGAP22",-0.128309453936785,-0.128309453936785,1
"ARHGAP5",0.38552019144954,0.38552019144954,1
"ARHGDIB",0.31448169703871,0.31448169703871,1
"ARHGEF1",-0.343137720958996,-0.343137720958996,1
"ARHGEF2",-0.355116817591859,-0.355116817591859,1
"ARID1A",-0.197002462972626,-0.197002462972626,1
"ARID3A",-0.164130449857593,-0.164130449857593,1
"ARNT",0.182826394907055,0.182826394907055,1
"ARPC1B",0.188032763776545,0.188032763776545,1
"ARPC5",-0.129480218237792,-0.129480218237792,1
"ARRB1",0.163219413516647,0.163219413516647,1
"ARSA",0.112381210980121,0.112381210980121,1
"ARTN",0.188407974105089,0.188407974105089,1
"ASAP2",0.273881602787496,0.273881602787496,1
"ASAP3",0.23206192817144,0.23206192817144,1
"ASB8",-0.0970007057715726,-0.0970007057715726,1
"ASGR1",-0.384259474245962,-0.384259474245962,1
"ASPH",0.411598102465009,0.411598102465009,1
"ATF6",0.414085399488932,0.414085399488932,1
"ATG3",-0.407615926501397,-0.407615926501397,1
"ATG4A",-0.201862756302502,-0.201862756302502,1
"ATG5",-0.295136769383066,-0.295136769383066,1
"ATG7",-0.262792310417403,-0.262792310417403,1
"ATIC",0.111929077481766,0.111929077481766,1
"ATP1B1",0.487071033267415,0.487071033267415,1
"ATP5PO",-0.287991624977653,-0.287991624977653,1
"ATXN10",-0.0977374057191541,-0.0977374057191541,1
"ATXN3",0.523148113478906,0.523148113478906,1
"AURKB",-0.132822571422659,-0.132822571422659,1
"AXIN2",-0.155988826240043,-0.155988826240043,2
"B2M",-0.267418908998884,-0.267418908998884,1
"BACH2",0.174863458933475,0.174863458933475,1
"BAD",-0.29156389190048,-0.29156389190048,1
"BAG2",0.318910823693263,0.318910823693263,1
"BAG4",-0.106423944145687,-0.106423944145687,1
"BAG6",0.768862801795574,0.768862801795574,1
"BAIAP2",-0.191651202768147,-0.191651202768147,1
"BAMBI",0.370250159742002,0.370250159742002,2
"BCAM",0.423812234982449,0.423812234982449,1
"BCAN",0.276174703659915,0.276174703659915,1
"BCL10",-0.419595337983673,-0.419595337983673,1
"BCL2",-0.336252443879884,-0.336252443879884,1
"BCL2L1",0.272447097789534,0.272447097789534,1
"BCL2L2",0.078128592955041,0.078128592955041,2
"BDNF",-0.3815332026576,-0.3815332026576,1
"BEX4",0.137265316913521,0.137265316913521,1
"BGLAP",0.237716162067619,0.237716162067619,1
"BGN",0.183944397230455,0.183944397230455,2
"BICD1",0.227149832072137,0.227149832072137,1
"BICDL1",0.0974955303139956,0.0974955303139956,1
"BID",0.387449849183524,0.387449849183524,1
"BIRC2",0.333764460334709,0.333764460334709,1
"BIRC5",-0.140089329265567,-0.140089329265567,1
"BLK",0.16420002762881,0.16420002762881,1
"BLVRA",0.257578217945945,0.257578217945945,1
"BMI1",0.219872413822108,0.219872413822108,1
"BMP1",-0.0988689294565308,-0.0988689294565308,1
"BMP10",-0.348429929827793,-0.348429929827793,1
"BMP15",-0.150629322110987,-0.150629322110987,1
"BMP4",-0.0385755913153265,-0.0385755913153265,2
"BMP5",0.324939724721516,0.324939724721516,1
"BMP6",0.257595169570614,0.257595169570614,2
"BMP7",0.246898557302097,0.246898557302097,1
"BMPR1A",0.191919032891498,0.191919032891498,1
"BMPR1B",-0.146050026063478,-0.146050026063478,1
"BMPR2",0.52576501462628,0.52576501462628,1
"BNIP3L",0.2840041365882,0.2840041365882,1
"BOC",0.267584043421093,0.267584043421093,1
"BPI",-0.31612295089674,-0.31612295089674,1
"BRAF",-0.185880538467056,-0.185880538467056,1
"BRD2",-0.361140027194941,-0.361140027194941,1
"BSG",0.540364743370463,0.540364743370463,1
"BTC",0.332172620543463,0.332172620543463,1
"BTK",-0.350680532094688,-0.350680532094688,2
"BTLA",0.14778444438889,0.14778444438889,1
"BTN1A1",0.156838346273377,0.156838346273377,1
"BTN2A2",0.258561719767181,0.258561719767181,1
"BTN3A2",0.26603660922903,0.26603660922903,1
"BTN3A3",0.38437387596438,0.38437387596438,2
"BTNL8",-0.108171800447448,-0.108171800447448,1
"BUB1",0.101130228906481,0.101130228906481,1
"C1QBP",0.172295932701071,0.172295932701071,1
"C1QC",0.142888953893451,0.142888953893451,1
"C1QL1",0.341841827914602,0.341841827914602,1
"C1QL2",0.378989821304063,0.378989821304063,2
"C1QL3",0.64187129802477,0.64187129802477,1
"C1QL4",0.176055001896191,0.176055001896191,1
"C3",-0.151360918863981,-0.0644198412771797,3
"C5",-0.119208916824498,-0.119208916824498,1
"CABP2",0.110309819161234,0.110309819161234,1
"CACNB4",0.348680690684376,0.348680690684376,1
"CADM1",0.528332996220769,0.528332996220769,1
"CADM2",0.575966758449378,0.575966758449378,1
"CADM3",0.560732883256447,0.560732883256447,1
"CADPS2",0.113130037440679,0.113130037440679,1
"CALCB",0.200369075872488,0.200369075872488,1
"CALCR",-0.18679185174592,-0.18679185174592,1
"CALR",-0.305186186520111,-0.305186186520111,1
"CAMK1",0.221491229506531,0.221491229506531,1
"CAMK2A",0.135958447823508,0.135958447823508,1
"CAMK2B",0.325696535272552,0.325696535272552,1
"CAMK2D",0.17281342290366,0.17281342290366,1
"CAMK4",0.355561422217984,0.355561422217984,1
"CAMP",-0.267858353662898,-0.267858353662898,1
"CAND1",0.463482378946813,0.463482378946813,1
"CANX",-0.106445035385951,-0.106445035385951,1
"CAPN2",0.422953040458077,0.422953040458077,1
"CAPN3",-0.228085603570028,-0.228085603570028,1
"CAPNS1",0.44086951931836,0.44086951931836,1
"CARD9",-0.239135304125904,-0.239135304125904,1
"CASK",0.234379626731858,0.234379626731858,1
"CASP10",0.109113029641609,0.109113029641609,2
"CASP7",-0.144576266216556,-0.144576266216556,1
"CASQ2",0.21191665516524,0.21191665516524,1
"CAST",0.487640409798826,0.487640409798826,1
"CAV3",-0.200244326561593,-0.200244326561593,1
"CBL",0.313506764207412,0.313506764207412,1
"CBLC",-0.121013904130236,-0.121013904130236,1
"CBLN1",0.193015278689868,0.193015278689868,1
"CBLN2",0.2126414860313,0.2126414860313,1
"CBLN4",0.470248759310313,0.470248759310313,1
"CBR3",0.125545009330584,0.125545009330584,1
"CBS",0.325984109350332,0.325984109350332,1
"CBX5",-0.126227293963997,-0.126227293963997,1
"CCDC50",0.591306902336015,0.591306902336015,1
"CCDC80",0.289164088144632,0.289164088144632,1
"CCK",0.243309149565167,0.243309149565167,1
"CCL5",-0.317564479929186,-0.317564479929186,1
"CCL7",-0.340226967376425,-0.340226967376425,1
"CCN1",-0.179154405231789,-0.179154405231789,1
"CCNB1",-0.103592120972403,-0.103592120972403,1
"CCNE1",-0.199385281039563,-0.199385281039563,1
"CCNH",-0.250423561966836,-0.250423561966836,2
"CCPG1",0.48129986009392,0.48129986009392,1
"CD14",0.32185042403199,0.32185042403199,2
"CD163",0.392917706527506,0.392917706527506,1
"CD177",-0.107847597591475,-0.107847597591475,1
"CD1A",0.16279334406958,0.16279334406958,1
"CD1B",-0.192653663985484,-0.192653663985484,1
"CD1D",-0.149641838058588,-0.149641838058588,1
"CD2",-0.145039080925859,-0.145039080925859,1
"CD209",0.209559486833064,0.245995820773468,3
"CD22",-0.315671319723973,-0.315671319723973,1
"CD226",-0.224452132860989,-0.224452132860989,2
"CD248",0.478939864803391,0.478939864803391,1
"CD27",0.126016668527409,0.126016668527409,1
"CD274",0.308371821711881,0.308371821711881,1
"CD28",0.129988733395559,0.129988733395559,1
"CD300C",0.131179891787765,0.131179891787765,2
"CD300E",-0.096768190350049,-0.096768190350049,2
"CD300LF",-0.153393004072368,-0.153393004072368,1
"CD300LG",0.102509267177784,0.102509267177784,1
"CD320",0.546173301894615,0.546173301894615,1
"CD33",0.291794250710374,0.291794250710374,1
"CD36",-0.276584597477252,-0.276584597477252,1
"CD38",-0.171876779468084,-0.171876779468084,1
"CD3E",0.24965347137367,0.24965347137367,1
"CD4",-0.23266044573964,-0.23266044573964,1
"CD40LG",-0.121708300098545,-0.121708300098545,1
"CD44",-0.112765895265914,-0.112765895265914,1
"CD46",0.5459002749989,0.5459002749989,1
"CD5",0.416986771696585,0.416986771696585,1
"CD55",0.419709335806864,0.419709335806864,1
"CD58",0.250406214449462,0.250406214449462,1
"CD59",0.318981813891042,0.318981813891042,2
"CD5L",-0.119363072319376,-0.119363072319376,1
"CD63",0.318940871209077,0.318940871209077,1
"CD68",0.23726678971895,0.23726678971895,2
"CD70",-0.101433030889512,-0.101433030889512,2
"CD74",-0.492644179883196,-0.492644179883196,1
"CD79A",0.234456914060363,0.234456914060363,1
"CD80",-0.356853667620349,-0.356853667620349,1
"CD81",-0.10891806546248,-0.10891806546248,1
"CD83",0.452108075270885,0.452108075270885,1
"CD86",0.303498803706439,0.303498803706439,2
"CD8A",0.151865971583899,0.151865971583899,1
"CD9",0.301021234947149,0.301021234947149,1
"CD93",0.089571830881052,0.089571830881052,2
"CDC25A",0.13971295955145,0.13971295955145,1
"CDC25B",0.361754680445516,0.361754680445516,1
"CDC34",0.335698307708026,0.335698307708026,1
"CDC42BPB",-0.291027331411964,-0.291027331411964,1
"CDCP1",0.166563415578476,0.166563415578476,2
"CDH1",-0.202661894205522,-0.202661894205522,1
"CDH11",0.395049754216905,0.395049754216905,1
"CDH12",0.387169731957826,0.387169731957826,1
"CDH15",-0.189811124117414,-0.189811124117414,2
"CDH2",-0.162186061883439,-0.162186061883439,1
"CDH6",-0.356197591553591,-0.356197591553591,1
"CDH7",0.449960128520159,0.449960128520159,1
"CDK16",-0.197506897211971,-0.197506897211971,1
"CDKN1A",-0.108108846922205,-0.108108846922205,1
"CDKN1B",-0.173309935247456,-0.173309935247456,1
"CDKN2B",0.155545162245714,0.155545162245714,1
"CDON",0.315500068050741,0.315500068050741,1
"CEACAM19",0.133363584068112,0.133363584068112,1
"CEACAM21",-0.150315681799949,-0.150315681799949,1
"CEACAM4",-0.176073995559943,-0.176073995559943,1
"CEACAM8",-0.174169112355553,-0.174169112355553,1
"CEBPA",-0.317956115933427,-0.317956115933427,1
"CEBPB",-0.103777437163599,-0.103777437163599,1
"CELF2",-0.266281558533136,-0.266281558533136,1
"CEP43",-0.116999684771853,-0.116999684771853,1
"CEP76",-0.246122075324294,-0.246122075324294,1
"CER1",0.33060580221704,0.33060580221704,1
"CERT1",-0.112487377568597,-0.112487377568597,2
"CETN1",-0.141050620971732,-0.141050620971732,1
"CETN2",0.125391245689558,0.125391245689558,1
"CFC1",0.574564500085561,0.574564500085561,1
"CFL1",0.105585733029293,0.105585733029293,1
"CFL2",0.310608334713449,0.310608334713449,1
"CFTR",0.400044632266091,0.400044632266091,1
"CGB3",0.149805176702769,0.149805176702769,1
"CHEK2",-0.121998350448883,-0.121998350448883,1
"CHFR",0.155740324374101,0.155740324374101,1
"CHIA",0.111968522958057,0.111968522958057,1
"CHL1",0.388317144638872,0.388317144638872,2
"CHMP2A",0.266612957519959,0.266612957519959,1
"CHRD",0.465089878677481,0.465089878677481,1
"CHRNB3",0.190179357127802,0.190179357127802,1
"CIB1",0.33794325461955,0.33794325461955,1
"CISD2",-0.407511195914627,-0.407511195914627,1
"CKS1B",-0.285038045111007,-0.285038045111007,1
"CLDN1",-0.193793856159044,-0.193793856159044,1
"CLEC11A",0.230823520562933,0.230823520562933,2
"CLEC1B",-0.160380783515525,-0.160380783515525,1
"CLEC2A",0.12692258885564,0.12692258885564,1
"CLEC2D",-0.370373150773852,-0.370373150773852,1
"CLEC2L",0.477517419465587,0.477517419465587,1
"CLEC4G",0.253065683131454,0.253065683131454,1
"CLSTN1",0.281629868835113,0.281629868835113,1
"CLSTN2",0.412859223002558,0.412859223002558,1
"CLTC",-0.424643858416242,-0.424643858416242,1
"CLU",0.265090205166621,0.265090205166621,1
"CNMD",0.226572804742369,0.226572804742369,1
"CNN1",0.300740668791036,0.300740668791036,1
"CNTF",-0.116797637701338,-0.116797637701338,1
"CNTFR",0.495664020998801,0.495664020998801,2
"CNTN2",0.265076998054487,0.265076998054487,1
"CNTN3",0.58373995644725,0.58373995644725,1
"CNTN4",0.538218931823781,0.538218931823781,1
"CNTN5",0.529925787422096,0.529925787422096,1
"CNTN6",0.412216912477048,0.412216912477048,1
"CNTNAP2",0.496941301950484,0.496941301950484,1
"COL18A1",0.333052055980869,0.333052055980869,1
"COL1A1",0.150367353924726,0.150367353924726,1
"COL2A1",-0.111013193986023,-0.111013193986023,2
"COL5A1",0.15108153409804,0.15108153409804,1
"COL6A1",0.227817265516608,0.227817265516608,2
"COL6A2",-0.185534196630918,-0.185534196630918,1
"COL6A3",0.27132897333513,0.27132897333513,1
"COL6A5",0.12997185281728,0.12997185281728,1
"COL8A1",-0.148856951682461,-0.148856951682461,1
"COL9A1",-0.127562814573898,-0.127562814573898,1
"COL9A3",0.271256681137558,0.271256681137558,1
"COLGALT2",-0.116235365979021,-0.116235365979021,1
"COMMD5",-0.140761749857313,-0.140761749857313,1
"COPS5",0.171264264191016,0.171264264191016,1
"CP",-0.118735392025592,-0.118735392025592,1
"CPE",0.245682993013846,0.245682993013846,2
"CPM",0.260508490043983,0.260508490043983,2
"CREM",-0.150088395830793,-0.150088395830793,1
"CRIP2",0.365657341191444,0.365657341191444,1
"CRISP3",-0.102040402124036,-0.102040402124036,1
"CRK",0.71139101759789,0.71139101759789,1
"CRKL",0.775430281959006,0.775430281959006,1
"CRLF1",0.286833448915697,0.286833448915697,1
"CRLF2",-0.248538191215228,-0.248538191215228,2
"CRLF3",0.40924492406402,0.40924492406402,1
"CRMP1",0.335395685676305,0.335395685676305,1
"CRP",-0.229602458947308,-0.229602458947308,1
"CRTAM",0.151579624479892,0.151579624479892,1
"CRTC3",0.193683097577978,0.193683097577978,1
"CRYAA",-0.105752899274054,-0.105752899274054,1
"CRYBB1",0.374863446477766,0.374863446477766,1
"CRYBB2",0.140869168823224,0.140869168823224,1
"CRYBB3",0.12816499228645,0.12816499228645,1
"CSF1",0.366221198834159,0.366221198834159,2
"CSF1R",0.408667531771795,0.408667531771795,2
"CSF2RA",0.128498047189264,0.128498047189264,1
"CSF3",0.121586522486371,0.121586522486371,1
"CSK",-0.104575989184772,-0.104575989184772,1
"CSMD1",0.273587868341874,0.273587868341874,1
"CSNK1A1L",0.188418543859727,0.188418543859727,1
"CSNK1D",0.185033882902792,0.185033882902792,1
"CSNK1G2",-0.3227824290831,-0.3227824290831,1
"CSNK2A1",-0.355484608303679,-0.355484608303679,1
"CSNK2B",0.101960508469634,0.101960508469634,1
"CST3",-0.133059249019857,-0.133059249019857,1
"CTCF",-0.152160089619027,-0.152160089619027,1
"CTDSPL",-0.364434745467965,-0.364434745467965,1
"CTF1",0.566829408849436,0.566829408849436,1
"CTHRC1",0.279410084648045,0.279410084648045,1
"CTNNA1",0.466500261275673,0.466500261275673,1
"CTNNA2",0.217892775962492,0.217892775962492,1
"CTNNA3",-0.150930108739811,-0.150930108739811,1
"CTNNB1",-0.027052259864546,-0.027052259864546,2
"CTNNBIP1",0.583447066074012,0.583447066074012,1
"CTPS1",0.175746187208832,0.175746187208832,1
"CTSB",0.12016119174762,0.12016119174762,1
"CTSD",-0.35786219309522,-0.35786219309522,1
"CTSF",-0.147427064186129,-0.147427064186129,1
"CTSG",-0.379876659032592,-0.379876659032592,1
"CTSS",0.0971569759223247,0.0971569759223247,1
"CTSV",-0.231040180191017,-0.231040180191017,1
"CUL1",0.158874124506805,0.158874124506805,1
"CUL3",-0.244570242572584,-0.244570242572584,1
"CX3CL1",0.13833404298247,0.13833404298247,1
"CXADR",0.106853707089879,0.106853707089879,1
"CXCL12",0.134359900083746,0.134359900083746,1
"CXCL2",-0.24333835507344,-0.24333835507344,1
"CXCL3",-0.197228746167137,-0.197228746167137,1
"CXCL5",-0.127769873563303,-0.127769873563303,1
"CYCS",0.553119734165949,0.553119734165949,1
"CYGB",0.399028234775845,0.399028234775845,1
"CYLD",0.129714982670232,0.129714982670232,1
"CYP3A4",0.0881735112484575,0.0881735112484575,2
"DAB2",-0.116903281973302,-0.116903281973302,1
"DAG1",0.466339442718941,0.466339442718941,1
"DAPK1",-0.372422732714574,-0.372422732714574,1
"DAPK2",-0.124998416667308,-0.124998416667308,1
"DAPP1",-0.0991288235887724,-0.0991288235887724,1
"DAXX",-0.0974902075436732,-0.0974902075436732,1
"DAZAP1",-0.243961628702338,-0.243961628702338,1
"DBNL",0.239974209042361,0.239974209042361,1
"DCAF12",0.13769240941937,0.13769240941937,1
"DCC",0.430697470799303,0.430697470799303,1
"DCK",-0.227850634031651,-0.227850634031651,1
"DCLK1",0.828938850220514,0.828938850220514,1
"DCP1A",0.175698342817103,0.175698342817103,1
"DDR1",0.222632253217238,0.222632253217238,1
"DDR2",0.368654550184244,0.368654550184244,1
"DDX23",-0.133634241956291,-0.133634241956291,1
"DEAF1",0.478504612287261,0.478504612287261,1
"DERL1",-0.11517514432802,-0.11517514432802,1
"DES",-0.169999959709239,-0.169999959709239,1
"DFFA",0.215170971884316,0.215170971884316,1
"DHH",0.142760908763138,0.142760908763138,1
"DHX58",-0.118217295875408,-0.118217295875408,1
"DHX9",-0.21519995064422,-0.21519995064422,1
"DIDO1",-0.13127122870233,-0.13127122870233,1
"DKK1",-0.164325599097405,-0.164325599097405,1
"DKK2",0.167984255211056,0.167984255211056,2
"DKK3",0.358114985908242,0.358114985908242,2
"DKK4",0.323289542881829,0.323289542881829,1
"DLG2",0.836012477094321,0.836012477094321,1
"DLG4",0.671763517222677,0.671763517222677,1
"DLGAP4",-0.179819666625438,-0.179819666625438,1
"DLK1",0.175903118391254,0.086442676944544,3
"DLK2",0.520496492139796,0.520496492139796,1
"DLL1",0.480154725901717,0.480154725901717,2
"DLL4",0.318214060628521,0.318214060628521,1
"DMTN",0.165406833342948,0.165406833342948,1
"DNAJB1",-0.121951077611544,-0.121951077611544,1
"DNAJB11",0.556308520625983,0.556308520625983,1
"DNAJB12",0.433904645773448,0.433904645773448,1
"DNAJB2",0.667286982557165,0.667286982557165,1
"DNER",0.496073973003149,0.496073973003149,1
"DNM1",0.683874901528046,0.683874901528046,1
"DNM2",0.567606043564663,0.567606043564663,1
"DNPEP",-0.183896906903103,-0.183896906903103,1
"DOC2B",0.756584943094663,0.756584943094663,1
"DOCK2",0.169326909064323,0.169326909064323,1
"DOK1",-0.330242724676573,-0.330242724676573,1
"DOK2",-0.375134876447602,-0.375134876447602,1
"DPYSL3",0.130021288750548,0.130021288750548,1
"DPYSL5",0.220506462092905,0.220506462092905,1
"DRAXIN",0.287683266770384,0.287683266770384,1
"DSC1",0.175866330055737,0.175866330055737,1
"DSC2",0.445509540122145,0.445509540122145,1
"DSCAM",0.475116454136924,0.475116454136924,1
"DSCAML1",0.434177770384095,0.434177770384095,1
"DSG2",0.258426752891794,0.258426752891794,2
"DSG3",-0.020143229368935,-0.020143229368935,2
"DTD1",0.778170131678325,0.778170131678325,1
"DUSP10",0.180582328317786,0.180582328317786,1
"DUSP23",-0.206327164920006,-0.206327164920006,1
"DUSP26",0.314121549981128,0.314121549981128,1
"DUSP3",-0.113849772464054,-0.113849772464054,1
"DUSP6",-0.304407055809468,-0.304407055809468,1
"DUT",0.445741067315045,0.445741067315045,1
"DVL2",0.123317810037697,0.123317810037697,1
"DYNC1LI1",0.137128385046397,0.137128385046397,1
"DYNC1LI2",-0.132008508542359,-0.132008508542359,1
"DYNLT1",-0.359205091450171,-0.359205091450171,1
"DYRK1A",0.251902063671875,0.251902063671875,1
"DYRK3",-0.107529828973557,-0.107529828973557,1
"EBAG9",0.152194371315213,0.152194371315213,2
"EBI3",0.155090885902142,0.155090885902142,1
"EDA",0.196269632502031,0.196269632502031,2
"EDA2R",0.429477646040858,0.429477646040858,1
"EDC4",0.352788802835683,0.352788802835683,1
"EEF1D",0.114705018188679,0.114705018188679,1
"EEF2K",0.139065535459266,0.139065535459266,1
"EFEMP1",-0.14204004746905,-0.14204004746905,1
"EFHD1",0.347951046842273,0.347951046842273,1
"EFNA1",0.241913548919368,0.241913548919368,1
"EFNA2",0.417715911396487,0.417715911396487,2
"EFNA3",0.428843727094625,0.428843727094625,2
"EFNA4",0.269821702003853,0.269821702003853,2
"EFNA5",0.425601503794922,0.425601503794922,1
"EFNB1",0.434891867445241,0.434891867445241,2
"EFNB2",0.21531726617857,0.21531726617857,2
"EFNB3",0.36808101428774,0.36808101428774,2
"EFS",-0.31823974918978,-0.31823974918978,1
"EGF",0.267522079784942,0.267522079784942,2
"EGFR",0.263358327894738,0.263358327894738,2
"EGLN1",-0.411871826584062,-0.411871826584062,1
"EGLN2",0.124071187925859,0.124071187925859,1
"EHD1",0.508819856270193,0.508819856270193,1
"EHD4",-0.100416541348432,-0.100416541348432,1
"EIF2B1",-0.299943712522287,-0.299943712522287,1
"EIF2S2",-0.414013572517389,-0.414013572517389,1
"EIF3G",0.330645327053585,0.330645327053585,1
"EIF4A1",0.218558847376128,0.218558847376128,1
"EIF4B",0.646236436539337,0.646236436539337,1
"EIF4G1",0.203417816344587,0.203417816344587,1
"EIF4G2",0.567406078368671,0.567406078368671,1
"EIF4G3",0.205602050458969,0.205602050458969,1
"EIF4H",0.427729744659442,0.427729744659442,1
"ELAVL1",-0.315610181380184,-0.315610181380184,1
"ELAVL2",0.824511671691965,0.824511671691965,1
"ELK1",-0.345015537207506,-0.345015537207506,1
"ELK3",-0.199732914286537,-0.199732914286537,1
"ELK4",0.432969513857033,0.432969513857033,1
"ELMO1",-0.160314129299016,-0.160314129299016,1
"ELP1",-0.352212146244329,-0.352212146244329,1
"ENAH",0.483522715710673,0.483522715710673,1
"ENG",0.273804552372554,0.273804552372554,1
"ENO1",0.434757092706334,0.434757092706334,1
"ENPEP",0.106192204051365,0.106192204051365,1
"EPB41L1",-0.206560632149336,-0.206560632149336,1
"EPHA10",0.37676164148884,0.37676164148884,2
"EPHA2",0.299476024669425,0.299476024669425,1
"EPHA3",0.532808618547668,0.532808618547668,1
"EPHA4",0.41220847926242,0.41220847926242,2
"EPHA5",0.478642454989291,0.478642454989291,1
"EPHA6",0.549956410937109,0.549956410937109,1
"EPHA7",0.513206364089436,0.513206364089436,2
"EPHA8",0.104082773504874,0.104082773504874,1
"EPHB1",0.43886229222644,0.43886229222644,1
"EPHB2",0.496808834656403,0.496808834656403,2
"EPHB3",0.484646129217684,0.484646129217684,1
"EPHB4",0.413015358349252,0.413015358349252,1
"EPHB6",0.57572896224699,0.57572896224699,2
"EPHX2",-0.103340684181316,-0.103340684181316,1
"EPN1",0.580546912634806,0.580546912634806,1
"EPO",-0.153122337059727,-0.153122337059727,1
"EPS15L1",0.258062855638737,0.258062855638737,1
"EPS8L2",0.370583641514182,0.370583641514182,1
"ERAP1",0.154541450589728,0.154541450589728,1
"ERBB2",-0.384605775982256,-0.384605775982256,1
"ERBB3",0.381119975502836,0.381119975502836,1
"ERBB4",0.100957181599044,0.100957181599044,1
"ERC1",-0.188594621419508,-0.188594621419508,1
"ERO1A",0.19623827027317,0.19623827027317,1
"ERP44",0.319749699831066,0.319749699831066,1
"ESAM",0.513068842956729,0.516684176893553,3
"ESM1",0.105314706738552,0.105314706738552,1
"ESRRA",-0.196003721973442,-0.196003721973442,1
"ETS2",0.190113019965777,0.190113019965777,1
"ETV5",-0.114973765718858,-0.114973765718858,1
"EVL",0.491535800893309,0.491535800893309,1
"EVPL",-0.116607097904145,-0.116607097904145,1
"EWSR1",0.402483918862176,0.402483918862176,1
"EZR",0.333338907637583,0.333338907637583,1
"F10",0.106211914639365,0.106211914639365,1
"F2",-0.108996295161994,-0.108996295161994,1
"F3",-0.118898177883124,-0.118898177883124,1
"F5",-0.174725416235248,-0.174725416235248,1
"FABP3",0.496045924235813,0.496045924235813,2
"FABP4",-0.125829689937743,-0.125829689937743,1
"FADD",0.242906797532497,0.242906797532497,1
"FAM20C",0.448494176947363,0.448494176947363,2
"FANCL",-0.10680792977275,-0.10680792977275,1
"FAS",0.327773123495518,0.317683073866336,4
"FASLG",0.221499069802767,0.221499069802767,1
"FBLIM1",0.291991371153871,0.291991371153871,1
"FBXO3",0.121937475652371,0.121937475652371,1
"FCAR",-0.123480131936773,-0.123480131936773,1
"FCER1A",-0.23004483760037,-0.23004483760037,1
"FCER2",0.280790774179164,0.280790774179164,1
"FCGR1A",0.215525949523808,0.215525949523808,1
"FCGR2B",-0.234796020536933,-0.234796020536933,1
"FCGR3B",0.300459257935851,0.300459257935851,1
"FCGRT",0.361447593614137,0.361447593614137,1
"FCN3",-0.208247485813319,-0.208247485813319,2
"FCRL1",-0.393134878595606,-0.393134878595606,1
"FCRL4",0.154606080405699,0.154606080405699,1
"FCRL6",-0.364952370958882,-0.364952370958882,1
"FEN1",0.237347384808027,0.237347384808027,1
"FER",-0.235636259601807,-0.235636259601807,1
"FERMT3",0.220426395577378,0.220426395577378,1
"FGF12",0.154172948323383,0.154172948323383,1
"FGF16",-0.240418599595943,-0.240418599595943,2
"FGF19",0.186963178922865,0.186963178922865,2
"FGF2",-0.224195350928693,-0.224195350928693,1
"FGF22",-0.123782327523678,-0.123782327523678,1
"FGF4",-0.127088130887457,-0.127088130887457,1
"FGF5",-0.348160021300892,-0.348160021300892,1
"FGF6",-0.1335849619439,-0.1335849619439,1
"FGF7",-0.151468041287144,-0.151468041287144,2
"FGF8",-0.135817154633584,-0.112115721822613,3
"FGFBP1",-0.135150531430053,-0.135150531430053,1
"FGFR1",0.436357440380456,0.436357440380456,1
"FGFR2",-0.143772950502531,-0.143772950502531,1
"FGFR3",0.0194760814693545,0.0194760814693545,2
"FGFR4",-0.371253619473776,-0.371253619473776,1
"FGG",0.136311254162283,0.136311254162283,1
"FGL2",0.18213324931687,0.18213324931687,1
"FGR",-0.397347648919074,-0.397347648919074,1
"FH",0.185082873611939,0.185082873611939,1
"FHIT",0.658324827718746,0.658324827718746,1
"FHOD1",-0.195609016713725,-0.195609016713725,1
"FKBP1A",0.501859282611878,0.501859282611878,1
"FKBP4",0.36605693149425,0.36605693149425,1
"FKBP5",-0.227041549125526,-0.227041549125526,1
"FLI1",-0.295894428091325,-0.295894428091325,1
"FLII",0.405667887376109,0.405667887376109,1
"FLNA",0.262043753587972,0.262043753587972,1
"FLRT1",0.534528280489093,0.534528280489093,1
"FLRT2",0.405258191076019,0.405258191076019,1
"FLRT3",0.505497455457962,0.505497455457962,1
"FLT1",0.522889276532267,0.522889276532267,2
"FLT3",-0.327209772191589,-0.327209772191589,1
"FLT3LG",0.180546549448498,0.180546549448498,1
"FLT4",0.233266212604942,0.233266212604942,2
"FMR1",0.233497576329185,0.233497576329185,1
"FN1",0.368918716160836,0.36095234001061,3
"FNBP1",-0.399526676680744,-0.399526676680744,1
"FOXC2",-0.159905615533934,-0.159905615533934,1
"FOXL2",0.255103681250389,0.255103681250389,1
"FOXM1",-0.398982013136235,-0.398982013136235,1
"FOXO3",-0.352768735862532,-0.352768735862532,1
"FOXO4",-0.109604911473548,-0.109604911473548,1
"FST",-0.359225719973029,-0.359225719973029,1
"FSTL1",0.145124705116836,0.145124705116836,1
"FSTL5",0.279096361054851,0.279096361054851,1
"FTH1",0.443721145269603,0.443721145269603,1
"FTL",0.396806632559071,0.396806632559071,1
"FTO",0.289709103893272,0.289709103893272,1
"FUBP1",0.579297104451354,0.579297104451354,1
"FURIN",0.108114462422417,0.108114462422417,1
"FUT11",0.173941202862362,0.173941202862362,1
"FXN",0.295458859233992,0.295458859233992,1
"FXR1",-0.253854880772774,-0.253854880772774,1
"FXYD6",0.237517131928127,0.237517131928127,1
"FYN",0.215526570051238,0.215526570051238,1
"FZD1",0.492152713216533,0.492152713216533,1
"FZD10",0.21283944722234,0.21283944722234,2
"FZD2",0.433260780482569,0.433260780482569,1
"FZD4",0.166507032918584,0.166507032918584,1
"FZD5",0.447476488259475,0.447476488259475,1
"FZD7",0.450043967287864,0.450043967287864,1
"FZD8",0.470136472164639,0.470136472164639,1
"G3BP2",0.34689234939689,0.34689234939689,1
"G6PD",0.175811311077376,0.175811311077376,1
"GAB1",-0.249367829278482,-0.249367829278482,1
"GABARAP",0.702952890427291,0.702952890427291,2
"GABARAPL1",0.739491840513931,0.739491840513931,1
"GABARAPL2",0.64225775404718,0.64225775404718,1
"GABBR1",0.72577620428385,0.72577620428385,1
"GABBR2",0.420352908672054,0.420352908672054,1
"GAD1",0.403743946771427,0.403743946771427,1
"GADD45GIP1",-0.101551584401126,-0.101551584401126,1
"GAN",0.134537901757996,0.134537901757996,1
"GAP43",0.847571239785383,0.847571239785383,1
"GAS1",0.374570261182239,0.374570261182239,1
"GAS6",0.478534106236497,0.478534106236497,1
"GC",-0.170176888966055,-0.170176888966055,1
"GCK",0.129013369252593,0.129013369252593,1
"GCLM",0.334282634321069,0.334282634321069,1
"GDF10",0.296222150288871,0.296222150288871,1
"GDF15",0.197879022230382,0.197879022230382,1
"GDF2",-0.118884020245918,-0.118884020245918,1
"GDF9",-0.308518200593676,-0.308518200593676,1
"GDNF",-0.136392171545045,-0.136392171545045,1
"GFAP",0.33691408054828,0.33691408054828,2
"GFRA1",0.287011099169979,0.287011099169979,1
"GFRA2",0.524724107162921,0.524724107162921,1
"GFRA3",-0.317785307719266,-0.317785307719266,1
"GGA1",0.650080933464848,0.650080933464848,1
"GHRL",0.327097480642446,0.327097480642446,1
"GIP",-0.131097206921367,-0.131097206921367,1
"GIPC1",0.139626654808857,0.139626654808857,2
"GJA1",-0.112189355257114,-0.112189355257114,1
"GLO1",0.705988191571135,0.705988191571135,1
"GLP1R",-0.124609450656839,-0.124609450656839,1
"GLRX",0.353962851948688,0.353962851948688,1
"GMFB",0.479439333839143,0.479439333839143,1
"GMPS",0.100833447619222,0.100833447619222,1
"GNAS",-0.106930421132077,-0.106930421132077,1
"GNG12",-0.291708850214445,-0.291708850214445,1
"GOLGA7",-0.18339985934728,-0.18339985934728,1
"GP6",-0.18763470417597,-0.18763470417597,1
"GPC1",0.324678611830267,0.324678611830267,1
"GPC3",-0.169881657769031,-0.169881657769031,1
"GPC4",0.119916251529627,0.119916251529627,1
"GPC5",0.481682665992502,0.481682665992502,1
"GPC6",0.352474668017835,0.352474668017835,1
"GPHN",0.546571577482583,0.546571577482583,1
"GPI",0.65308239241215,0.65308239241215,1
"GPNMB",0.164115355307667,0.215759602279276,3
"GPR135",0.112605254275803,0.112605254275803,1
"GPR37",0.334458732290858,0.334458732290858,1
"GPX1",0.113306937629699,0.113306937629699,1
"GPX2",0.10010501570076,0.10010501570076,1
"GRAP2",0.176238795089125,0.176238795089125,1
"GRB2",0.61859067360148,0.61859067360148,1
"GREM2",0.290700353972922,0.290700353972922,1
"GRIA4",0.420883408870939,0.420883408870939,1
"GRID2",0.251876442872436,0.251876442872436,1
"GRIK2",0.215275202911328,0.215275202911328,1
"GRIPAP1",-0.269104322200529,-0.269104322200529,1
"GRK2",-0.252695468123607,-0.252695468123607,1
"GRK5",-0.295433853016915,-0.295433853016915,1
"GRM4",0.189710927778721,0.189710927778721,1
"GRN",0.234568667506379,0.234568667506379,1
"GRPEL1",-0.127099196948301,-0.127099196948301,1
"GSK3A",-0.0982393133054693,-0.0982393133054693,1
"GSK3B",-0.227161871991544,-0.227161871991544,2
"GSN",0.309834773660505,0.309834773660505,1
"GSTA1",0.130702485630027,0.130702485630027,1
"GSTA2",-0.240342889695333,-0.240342889695333,1
"GSTP1",0.291519825568017,0.291519825568017,2
"GTF2F2",-0.347856351893323,-0.347856351893323,1
"GTF2I",-0.380482937384134,-0.380482937384134,1
"GXYLT1",0.213450763920525,0.213450763920525,1
"GZMB",-0.132127323256773,-0.132127323256773,2
"H1-2",-0.350863002142919,-0.350863002142919,1
"H2AZ1",-0.206365091553197,-0.206365091553197,1
"H2BC12",-0.119174745940788,-0.119174745940788,1
"H2BC21",-0.104635153638103,-0.104635153638103,1
"HAVCR2",0.400581097583701,0.399495104919309,3
"HAX1",0.557651512011082,0.557651512011082,1
"HCK",-0.150063052058789,-0.150063052058789,1
"HDAC2",-0.250533156835113,-0.250533156835113,1
"HDAC6",-0.270293613792907,-0.270293613792907,1
"HDAC8",0.138089865119945,0.138089865119945,1
"HDGF",-0.20336067248565,-0.20336067248565,2
"HDLBP",0.245196940132615,0.245196940132615,1
"HERC1",0.464863613282574,0.464863613282574,1
"HES5",0.126032273918915,0.126032273918915,1
"HEXIM1",-0.143015965215823,-0.143015965215823,1
"HGF",0.199808308553814,0.199808308553814,1
"HGFAC",-0.157751142814468,-0.157751142814468,2
"HGS",0.382632279957531,0.382632279957531,1
"HHEX",-0.194260067510772,-0.194260067510772,1
"HHIP",0.355641901886217,0.355641901886217,1
"HHLA2",0.174659329379083,0.174659329379083,1
"HIF1AN",0.311614523545782,0.311614523545782,1
"HINT1",-0.168269227549024,-0.168269227549024,1
"HIPK3",0.417109528917966,0.417109528917966,1
"HJV",0.54901089704283,0.54901089704283,1
"HK1",0.290664596391581,0.290664596391581,1
"HK2",-0.342990555051124,-0.342990555051124,1
"HLA-C",0.106622533903435,0.106622533903435,1
"HLA-DRB3",0.263807261425057,0.263807261425057,1
"HLA-E",0.0994999656825574,0.0994999656825574,1
"HLA-G",0.432478023618857,0.432478023618857,1
"HMGB1",-0.34466684415326,-0.34466684415326,1
"HMGB2",-0.389399620881971,-0.389399620881971,2
"HMGN1",-0.323861480930027,-0.323861480930027,1
"HMOX1",0.268771767485078,0.268771767485078,1
"HMOX2",-0.361494517458875,-0.361494517458875,1
"HNF4A",0.112746570667819,0.112746570667819,1
"HNRNPH1",-0.277167539352677,-0.277167539352677,1
"HOMER1",0.610173506334021,0.610173506334021,1
"HOXA5",-0.116033496591804,-0.116033496591804,1
"HPD",0.240363369078549,0.240363369078549,1
"HPX",-0.192710958393288,-0.192710958393288,2
"HRAS",0.10408035274981,0.10408035274981,1
"HRC",0.127748248292314,0.127748248292314,1
"HSD17B10",-0.395207396891086,-0.395207396891086,1
"HSP90AA1",0.594880669021607,0.594880669021607,1
"HSP90AB1",0.64530699087182,0.64530699087182,1
"HSP90B1",0.373677059009025,0.373677059009025,1
"HSPA1A",0.240308069776306,0.225166041547487,6
"HSPA1B",0.477159539201812,0.477159539201812,1
"HSPA2",0.381056757945081,0.381056757945081,1
"HSPA8",0.347085027951938,0.347085027951938,1
"HSPA9",0.344132488536167,0.344132488536167,1
"HSPB6",0.313736330819197,0.313736330819197,1
"HSPD1",0.346099957759997,0.346099957759997,1
"HSPG2",0.362171642997486,0.362171642997486,1
"HSPH1",0.242522083937398,0.242522083937398,1
"HTATIP2",-0.116611536135264,-0.116611536135264,1
"HTR2A",-0.133656961305559,-0.133656961305559,1
"HTR6",-0.125680904998893,-0.125680904998893,1
"HTR7",-0.250693596403267,-0.250693596403267,1
"HTRA2",0.542076596318952,0.542076596318952,1
"IBSP",0.276942718829448,0.276942718829448,1
"ICAM1",0.155183451478218,0.155183451478218,1
"ICAM3",-0.305108182407201,-0.305108182407201,1
"ICAM4",-0.38056514208305,-0.38056514208305,1
"ICAM5",0.51990867130859,0.501501927561098,3
"ICOSLG",0.288211272412478,0.288211272412478,2
"ID1",0.144490882743737,0.144490882743737,1
"ID2",-0.309655364999854,-0.309655364999854,1
"IDH1",0.32645248054473,0.32645248054473,1
"IDH3G",-0.161859531792718,-0.161859531792718,1
"IER3",-0.312260724830236,-0.312260724830236,1
"IFI16",0.0622913451646965,0.0622913451646965,2
"IFNA10",0.012866971914602,0.012866971914602,2
"IFNA4",-0.357877936925903,-0.357877936925903,1
"IFNA6",-0.121736202158999,-0.121736202158999,1
"IFNA8",-0.144276548077675,-0.144276548077675,1
"IFNAR1",0.040814155110208,0.040814155110208,2
"IFNB1",0.153954932684347,0.153954932684347,1
"IFNGR1",0.526540516908405,0.526540516908405,1
"IFNGR2",0.466298796156676,0.466298796156676,2
"IFNL1",0.110488904278542,0.110488904278542,1
"IFNL2",-0.11463569934436,-0.11463569934436,1
"IFNL3",0.248857108341552,0.248857108341552,1
"IFNLR1",0.241304244931148,0.241304244931148,1
"IFNW1",-0.141734802972271,-0.141734802972271,1
"IGBP1",0.542947465221693,0.542947465221693,1
"IGDCC3",0.0355220046923485,0.0355220046923485,2
"IGDCC4",0.403941189491662,0.403941189491662,1
"IGF1",0.050678796406274,0.050678796406274,2
"IGF1R",0.432261689098451,0.432261689098451,1
"IGF2R",0.465770572716126,0.465770572716126,2
"IGFBP4",0.233911596773835,0.233911596773835,1
"IGFBP7",-0.285255598588496,-0.285255598588496,1
"IGFBPL1",0.274615512876974,0.274615512876974,1
"IGFL3",-0.305510970949959,-0.305510970949959,1
"IGFLR1",0.416647381615782,0.416647381615782,1
"IGHE",-0.240539762107187,-0.240539762107187,1
"IGHG1",-0.206288744637474,-0.206288744637474,1
"IGSF11",0.317457592719763,0.317457592719763,2
"IGSF3",0.367630879741969,0.367630879741969,1
"IGSF8",0.467832630701179,0.467832630701179,1
"IGSF9B",0.112041443818081,0.112041443818081,1
"IHH",-0.141071592497016,-0.141071592497016,1
"IKBKB",0.547990491317362,0.547990491317362,1
"IKBKG",-0.378012283553524,-0.378012283553524,1
"IL10",-0.000579164494978496,-0.000579164494978496,2
"IL12RB1",-0.360843687254479,-0.360843687254479,1
"IL13",0.045702105080443,0.045702105080443,2
"IL13RA1",-0.178512534473442,-0.178512534473442,1
"IL15RA",0.055102021914293,0.055102021914293,2
"IL16",0.223629394441491,0.223629394441491,1
"IL17B",0.102486091813409,0.102486091813409,2
"IL17C",0.269393262139272,0.269393262139272,1
"IL17D",0.140204852623516,0.140204852623516,1
"IL17F",-0.111904549436432,-0.111904549436432,1
"IL17RA",0.306720995910724,0.306720995910724,1
"IL17RB",-0.0364853896323645,-0.0364853896323645,2
"IL17RC",0.157758347829413,0.157758347829413,1
"IL17RD",0.211175554217079,0.211175554217079,1
"IL18BP",0.491085046265834,0.491085046265834,1
"IL19",-0.137705367929234,-0.137705367929234,1
"IL1A",0.235999642697468,0.235999642697468,1
"IL1B",-0.347931086637989,-0.347931086637989,1
"IL1R1",0.169888209859493,0.169888209859493,1
"IL1RAP",0.101450698528028,0.101450698528028,1
"IL1RAPL1",0.285336741079713,0.285336741079713,1
"IL20RB",0.359841786693909,0.359841786693909,1
"IL21R",-0.214505221204939,-0.214505221204939,1
"IL22",0.136000838318337,0.136000838318337,2
"IL22RA1",-0.249712099932784,-0.249712099932784,1
"IL22RA2",-0.150662598010438,-0.150662598010438,1
"IL24",-0.113598442480311,-0.113598442480311,1
"IL27RA",0.303939564358448,0.303939564358448,1
"IL2RB",0.145669097968091,0.145669097968091,1
"IL2RG",-0.367641277757527,-0.367641277757527,1
"IL3",-0.21332674995084,-0.21332674995084,1
"IL36G",0.269666814493661,0.269666814493661,1
"IL36RN",-0.213702590020022,-0.213702590020022,1
"IL3RA",0.218441678639089,0.218441678639089,1
"IL5",-0.186918682025797,-0.186918682025797,1
"IL6",-0.276458589781041,-0.276458589781041,2
"IL6R",0.319938818040458,0.32128597397287,3
"IL6ST",0.469700773375106,0.469700773375106,1
"IL7",0.189275735638521,0.189275735638521,1
"IL9",0.214566035671867,0.214566035671867,1
"ILF3",-0.216418145270087,-0.216418145270087,1
"ILK",-0.319047764109123,-0.319047764109123,1
"IMPDH2",0.136158264188111,0.136158264188111,1
"ING1",-0.103629145064492,-0.103629145064492,1
"INHA",0.373377834290636,0.373377834290636,1
"INHBA",0.24655004026197,0.2348319784672,3
"INHBB",0.0161123482702845,0.0161123482702845,2
"INPP4B",-0.136052406241503,-0.136052406241503,1
"INPP5D",-0.191682382214416,-0.191682382214416,1
"INSR",0.395229776081303,0.395229776081303,1
"IRAG1",0.125354706665325,0.125354706665325,1
"IRF1",0.0354789455058061,0.0354789455058061,2
"IRF2",-0.24769946279337,-0.24769946279337,1
"IRF3",0.32934431552817,0.32934431552817,1
"IRF4",0.00402075182506741,0.00402075182506741,2
"IRF5",-0.175297578949278,-0.175297578949278,1
"IRF9",-0.12101169183111,-0.12101169183111,1
"ISG15",0.31807409462542,0.31807409462542,2
"ISLR2",0.536647284807797,0.536647284807797,2
"IST1",-0.339820247954946,-0.339820247954946,1
"ITCH",0.167233455719611,0.167233455719611,1
"ITGA11",-0.158496967830486,-0.158496967830486,1
"ITGA6",0.151585584208729,0.151585584208729,1
"ITGAL",-0.160121813629544,-0.160121813629544,1
"ITGAM",0.1028237898625,0.1028237898625,1
"ITGB2",0.2867359449545,0.2867359449545,1
"ITGB5",-0.0989635600588931,-0.0989635600588931,1
"ITGB6",-0.142135172896276,-0.142135172896276,1
"ITGB7",0.34820520173245,0.34820520173245,1
"ITLN1",-0.243910797393611,-0.243910797393611,1
"ITM2B",0.197789992038873,0.197789992038873,1
"ITPKA",-0.184881248791204,-0.184881248791204,1
"ITSN1",0.690733403659475,0.690733403659475,1
"JAG1",0.155955941868954,0.155955941868954,2
"JAG2",-0.187951587222336,-0.187951587222336,1
"JAK2",-0.259465637577261,-0.259465637577261,1
"JAM2",0.544223782447,0.544223782447,1
"JAM3",0.415962909142724,0.415962909142724,1
"JUND",0.243993531847572,0.243993531847572,1
"JUP",0.237018841389167,0.237018841389167,1
"KAT2A",0.376500076177917,0.376500076177917,2
"KCNIP3",0.166959942175284,0.166959942175284,1
"KDR",0.178040471965939,0.178040471965939,1
"KEAP1",0.236706434000739,0.236706434000739,1
"KHSRP",0.120210391411899,0.120210391411899,1
"KIAA0319L",0.349045794275803,0.349045794275803,1
"KIF1C",-0.141431649760176,-0.141431649760176,1
"KIF22",-0.263641821039465,-0.263641821039465,1
"KIF3A",0.181194311598646,0.181194311598646,1
"KIR2DL2",-0.381881488737827,-0.381881488737827,1
"KIR2DL4",-0.134783973895669,-0.134783973895669,2
"KIR2DL5A",0.206318676304903,0.206318676304903,1
"KIR2DS2",0.124558039175336,0.124558039175336,1
"KIR3DL1",0.226595279007874,0.226595279007874,1
"KIR3DL2",-0.104791934877901,-0.104791934877901,1
"KIR3DL3",0.399414654749444,0.399414654749444,2
"KIRREL1",0.214729081784024,0.214729081784024,1
"KIRREL3",0.573413181651757,0.573413181651757,1
"KIT",0.396930688834049,0.396930688834049,1
"KITLG",0.246801340550949,0.246801340550949,1
"KL",-0.203331942332106,-0.203331942332106,1
"KLHL13",-0.114686746840954,-0.114686746840954,1
"KLHL2",0.599288618649935,0.599288618649935,1
"KLK3",-0.252121509881908,-0.252121509881908,1
"KLRB1",-0.218376562288914,-0.218376562288914,1
"KLRC3",0.354888493147563,0.354888493147563,1
"KLRG2",-0.272261778370489,-0.272261778370489,1
"KLRK1",-0.291512251802443,-0.291512251802443,1
"KMT2D",-0.382123050330624,-0.382123050330624,1
"KNG1",-0.241819139171057,-0.206374335669455,3
"KPNA2",-0.238260048877812,-0.238260048877812,1
"KPNA6",0.206103034825984,0.206103034825984,1
"KRAS",-0.168704202243336,-0.168704202243336,1
"KREMEN1",0.290770982124631,0.290770982124631,2
"KREMEN2",-0.356336405388852,-0.356336405388852,1
"KRT18",0.284018004477804,0.284018004477804,1
"KRT20",0.10167921036904,0.10167921036904,1
"L1CAM",0.480099087237733,0.480099087237733,1
"LAD1",-0.126363394735957,-0.126363394735957,1
"LAIR2",-0.132017336117782,-0.132017336117782,1
"LAMA3",0.21472842618093,0.21472842618093,1
"LAMTOR3",0.328666573977025,0.328666573977025,1
"LASP1",0.315552784051989,0.315552784051989,1
"LAT",-0.226345914690501,-0.226345914690501,1
"LCK",-0.248367537261632,-0.248367537261632,2
"LCT",0.154132202633477,0.154132202633477,1
"LDHA",0.291719879829105,0.291719879829105,2
"LDHB",0.370420715580804,0.370420715580804,1
"LECT2",-0.180239169337326,-0.180239169337326,2
"LEFTY2",0.190095092353258,0.190095092353258,1
"LEP",-0.136465929307947,-0.136465929307947,1
"LEPR",0.112318912127784,0.112318912127784,1
"LGALS3",0.111396347234892,0.111396347234892,1
"LGALS8",0.178808920331087,0.178808920331087,1
"LGMN",-0.169345659951023,-0.169345659951023,1
"LIF",-0.35849747734106,-0.35849747734106,1
"LIFR",0.418496016398027,0.418496016398027,1
"LILRA1",0.410621930522013,0.410621930522013,1
"LILRA2",0.381386006175575,0.381386006175575,1
"LILRA5",-0.340699061174043,-0.340699061174043,1
"LILRB1",0.318442605854112,0.318442605854112,1
"LILRB2",0.179693215140098,0.179693215140098,2
"LILRB3",-0.27785611960466,-0.27785611960466,2
"LIMA1",0.140658732154702,0.140658732154702,1
"LIMD1",0.4786142435998,0.4786142435998,1
"LIMK1",0.108647631458158,0.108647631458158,1
"LINGO1",0.279405306434707,0.279405306434707,1
"LMNB1",-0.102349142305529,-0.102349142305529,1
"LONP1",-0.15575078582701,-0.15575078582701,1
"LPIN1",0.169787546015133,0.169787546015133,1
"LPL",0.446433600479516,0.446433600479516,1
"LRFN2",0.364751093296726,0.364751093296726,1
"LRFN3",-0.0992052451515674,-0.0992052451515674,1
"LRFN4",0.556816493669124,0.556816493669124,1
"LRFN5",0.398178114064835,0.398178114064835,1
"LRIG1",0.257732169133441,0.257732169133441,1
"LRP1",0.0386945206665575,0.0386945206665575,2
"LRP12",0.53940267566096,0.53940267566096,2
"LRP1B",-0.113972201240107,-0.113972201240107,1
"LRP2",0.382153403120451,0.382153403120451,1
"LRP4",0.369014139745494,0.369014139745494,1
"LRP6",0.415370722426521,0.415370722426521,1
"LRP8",0.506268130797644,0.506268130797644,1
"LRRC4",0.418823006838966,0.418823006838966,1
"LRRC4B",-0.0979140863753447,-0.0979140863753447,1
"LRRC4C",0.431992283146383,0.431992283146383,1
"LRRC52",0.211308354664702,0.211308354664702,1
"LRRN1",0.511924893492254,0.511924893492254,1
"LRRTM1",0.431783164687225,0.431783164687225,1
"LRRTM2",0.552191967918656,0.552191967918656,1
"LRRTM4",0.281683322943331,0.281683322943331,1
"LRTM2",0.47731320853228,0.47731320853228,1
"LSAMP",0.448343242988473,0.448343242988473,1
"LSP1",-0.206205812206618,-0.206205812206618,1
"LTB4R",0.23363839951283,0.23363839951283,1
"LTK",-0.232186200898468,-0.232186200898468,1
"LY9",-0.179515450032989,-0.179515450032989,1
"LYN",-0.27811945909461,-0.27811945909461,2
"LYPD3",0.134755658704441,0.134755658704441,1
"MACROD1",-0.303247698727337,-0.303247698727337,1
"MAD1L1",-0.365023488265579,-0.365023488265579,1
"MAD2L1",0.418349203566748,0.418349203566748,1
"MAD2L1BP",0.250312319403789,0.250312319403789,1
"MADCAM1",0.418946296438478,0.418946296438478,1
"MAFG",-0.302990261187996,-0.302990261187996,1
"MAG",0.191743645709767,0.191743645709767,1
"MAGEA3",-0.114032993825461,-0.114032993825461,1
"MAGEA6",0.224840976535948,0.224840976535948,2
"MAGI2",0.783458654241573,0.783458654241573,1
"MALT1",-0.12587893331092,-0.12587893331092,1
"MAP1LC3A",0.7775874965982,0.7775874965982,1
"MAP1LC3B",0.731372490917374,0.731372490917374,1
"MAP2K1",0.437531756004951,0.437531756004951,1
"MAP2K2",-0.2538285212104,-0.2538285212104,1
"MAP2K5",-0.264822526579015,-0.264822526579015,1
"MAP2K6",0.228616011713566,0.228616011713566,1
"MAP3K11",-0.20234437775915,-0.20234437775915,1
"MAP3K3",-0.321890495634576,-0.321890495634576,1
"MAP4K1",0.228171247168367,0.228171247168367,1
"MAP4K3",-0.151822883844173,-0.151822883844173,1
"MAPK1",0.394573893910694,0.394573893910694,1
"MAPK10",0.356647720110761,0.356647720110761,1
"MAPK11",0.199646413908696,0.199646413908696,1
"MAPK13",-0.406282851140455,-0.406282851140455,1
"MAPK14",0.134176318315386,0.134176318315386,1
"MAPK3",0.230161102276758,0.230161102276758,1
"MAPK6",-0.102050547488755,-0.102050547488755,1
"MAPK8",0.54122780385648,0.54122780385648,1
"MAPK9",-0.023421776405275,-0.023421776405275,2
"MAPKAPK2",0.0977531418397245,0.0977531418397245,1
"MAPKAPK5",0.185294134665961,0.185294134665961,1
"MAPRE1",0.196227011363854,0.196227011363854,2
"MAPRE2",-0.113680706924002,-0.113680706924002,1
"MAPRE3",0.530448654515983,0.530448654515983,2
"MAPT",-0.151510768456684,-0.151510768456684,1
"MARS1",-0.222666389577794,-0.222666389577794,1
"MASP1",-0.355886554528105,-0.355886554528105,1
"MATK",-0.130681230537288,-0.130681230537288,1
"MAX",-0.251891970517018,-0.251891970517018,1
"MBD4",-0.383877553516501,-0.383877553516501,1
"MBL2",-0.297119812364954,-0.297119812364954,1
"MCAM",0.294340198209724,0.294340198209724,1
"MCL1",0.345291488921806,0.345291488921806,1
"MDGA1",0.303812980303287,0.303812980303287,1
"MDM2",-0.157256783205266,-0.157256783205266,1
"ME1",0.713189869869616,0.713189869869616,1
"MED1",-0.157007875961456,-0.157007875961456,1
"MED28",-0.247429339872168,-0.247429339872168,1
"MEF2C",-0.19088294360143,-0.19088294360143,1
"MEF2D",-0.0989981577666746,-0.0989981577666746,1
"MEN1",-0.154107699188046,-0.154107699188046,1
"MERTK",0.346805829503885,0.346805829503885,2
"MET",0.460330391972609,0.460330391972609,2
"METTL1",0.208965525591707,0.208965525591707,1
"METTL3",-0.122351127580387,-0.122351127580387,1
"MFAP2",0.212494556618738,0.212494556618738,2
"MFAP3L",-0.363407740841405,-0.363407740841405,1
"MFAP5",0.202689712232939,0.202689712232939,1
"MFGE8",0.373060310663757,0.373060310663757,1
"MFN1",-0.129497736833166,-0.129497736833166,1
"MFNG",0.336981047119445,0.336981047119445,1
"MGMT",0.125695123210956,0.125695123210956,1
"MIA",-0.122800988892352,-0.122800988892352,1
"MICB",0.206906807287002,0.206906807287002,1
"MIF",0.333469996993409,0.333469996993409,2
"MILR1",0.334739282668292,0.334739282668292,1
"MKNK1",-0.176829913741884,-0.176829913741884,1
"MMP13",0.135588096550398,0.135588096550398,1
"MMP14",0.21219563404635,0.21219563404635,1
"MMP16",0.682289172576001,0.682289172576001,1
"MMP19",0.28584281149582,0.28584281149582,1
"MMP20",-0.209564900498194,-0.209564900498194,1
"MMP3",0.242599983003801,0.242599983003801,1
"MMP9",0.163418958036665,0.163418958036665,1
"MMRN2",-0.156597122142586,-0.156597122142586,1
"MOB1A",-0.359891841371168,-0.359891841371168,1
"MOB1B",0.183167821048992,0.183167821048992,1
"MOG",0.342804820494419,0.342804820494419,1
"MPG",-0.348728180853007,-0.348728180853007,1
"MPIG6B",0.197028606603205,0.197028606603205,1
"MPO",-0.180025382133302,-0.180025382133302,1
"MPZ",0.359064581234096,0.359064581234096,1
"MPZL1",0.545258782676445,0.545258782676445,1
"MPZL2",-0.189444001172191,-0.189444001172191,1
"MRAP",-0.15006610102932,-0.15006610102932,1
"MRC2",0.398545763629903,0.398545763629903,1
"MRTO4",-0.224400928100013,-0.224400928100013,1
"MSN",-0.10144447983403,-0.10144447983403,1
"MSR1",0.321940934731496,0.321940934731496,2
"MST1R",-0.0982622830824017,-0.0982622830824017,1
"MSTN",0.160749418113257,0.160749418113257,1
"MTCP1",0.178831723118973,0.178831723118973,1
"MUC1",0.210150641712076,0.210150641712076,2
"MUTYH",0.105137560860967,0.105137560860967,1
"MVD",-0.142394575381893,-0.142394575381893,1
"MXI1",-0.0996201671290148,-0.0996201671290148,1
"MXRA8",0.248056546335619,0.248056546335619,1
"MYB",-0.142198716204721,-0.142198716204721,1
"MYL12A",0.149462825314539,0.149462825314539,1
"MYL4",0.303681508005715,0.303681508005715,1
"MYL9",0.261846332982077,0.261846332982077,1
"MYSM1",0.244135464973236,0.244135464973236,1
"MZF1",-0.155020578062385,-0.155020578062385,1
"NAALAD2",0.172564169112554,0.172564169112554,1
"NACA",-0.24787985385622,-0.24787985385622,1
"NAMPT",-0.209398283670609,-0.209398283670609,1
"NANOG",-0.116463598249132,-0.116463598249132,1
"NAP1L1",-0.282117506624661,-0.282117506624661,1
"NBR1",0.247180975451168,0.247180975451168,1
"NCAM1",0.4346967847618,0.4346967847618,2
"NCAN",0.508933070332609,0.508933070332609,1
"NCBP1",0.200671577984197,0.200671577984197,1
"NCF2",-0.225607013557483,-0.225607013557483,1
"NCK2",0.486764277897119,0.486764277897119,1
"NCKIPSD",0.555054114812577,0.555054114812577,1
"NCL",-0.285042200894433,-0.285042200894433,1
"NCR1",0.163874488475869,0.163874488475869,1
"NCR2",-0.0995713128382439,-0.0995713128382439,1
"NDC80",0.157055261019529,0.157055261019529,1
"NDE1",0.141299739358848,0.141299739358848,1
"NDEL1",-0.388184017631416,-0.388184017631416,1
"NDP",0.12569881575482,0.12569881575482,1
"NDRG1",0.398173422949195,0.398173422949195,1
"NDUFV2",0.523459973890031,0.523459973890031,1
"NECTIN1",0.185218543416025,0.185218543416025,2
"NECTIN2",0.392944219136898,0.392944219136898,1
"NEFH",0.438895174648844,0.438895174648844,1
"NEFL",0.38696790026742,0.38696790026742,1
"NEGR1",0.399277255030622,0.399277255030622,2
"NEIL2",-0.109219196384337,-0.109219196384337,1
"NELFA",0.416105944187707,0.416105944187707,1
"NELFE",-0.266219725981471,-0.266219725981471,1
"NELL2",0.134905845391571,0.134905845391571,1
"NEO1",0.546406766582003,0.546406766582003,1
"NETO2",0.419578396045734,0.419578396045734,1
"NEU1",-0.121751431227436,-0.121751431227436,2
"NEURL1",0.148031960983179,0.148031960983179,1
"NFASC",0.463138591724218,0.463138591724218,1
"NFE2L1",-0.302287227275587,-0.302287227275587,1
"NFE2L2",0.103045487801706,0.103045487801706,1
"NFIA",0.250332862209853,0.250332862209853,1
"NFKB1",-0.349877768848141,-0.349877768848141,1
"NFKBIB",-0.121673969613917,-0.121673969613917,1
"NGF",0.222876823405145,0.222876823405145,1
"NHEJ1",-0.145592482126541,-0.145592482126541,1
"NKD2",0.203766079970054,0.203766079970054,1
"NLGN1",0.485905374521576,0.490950809921546,3
"NLGN2",0.44500876546635,0.44500876546635,2
"NLGN3",0.217913250121375,0.217913250121375,2
"NLGN4X",0.329203096961345,0.329203096961345,1
"NLGN4Y",0.246805541518661,0.246805541518661,1
"NME1",0.288143605769513,0.288143605769513,1
"NMI",-0.103262693604061,-0.103262693604061,1
"NMT1",-0.271248482794374,-0.271248482794374,1
"NODAL",-0.106516022887491,-0.106516022887491,1
"NOG",0.394032264956472,0.394032264956472,2
"NONO",-0.203626936106421,-0.203626936106421,1
"NOS3",-0.128927614714476,-0.128927614714476,1
"NOTCH1",0.500976150143294,0.500976150143294,1
"NOTCH2",0.47591862197593,0.47591862197593,1
"NOTCH3",0.464791157795378,0.464791157795378,1
"NPLOC4",0.426188165837131,0.426188165837131,1
"NPM1",-0.152739179376821,-0.152739179376821,2
"NPTN",0.584924737417798,0.584924737417798,1
"NPTX1",0.229113220835237,0.229113220835237,1
"NPTX2",0.35282338758455,0.35282338758455,1
"NPTXR",0.311029189883211,0.311029189883211,2
"NQO2",0.306196578104472,0.306196578104472,1
"NR1H4",0.244950359968044,0.244950359968044,1
"NR3C1",-0.119621451297345,-0.119621451297345,1
"NR3C2",0.25147729786015,0.25147729786015,1
"NRAS",-0.217461828454076,-0.217461828454076,1
"NRCAM",0.347353248616549,0.347353248616549,1
"NRG1",0.283842505693471,0.283842505693471,1
"NRG2",0.16016824412758,0.16016824412758,1
"NRG3",0.564871630545702,0.564871630545702,2
"NRG4",0.251668572571216,0.251668572571216,1
"NRGN",0.838740246401202,0.838740246401202,1
"NRP1",0.442445170405415,0.442445170405415,2
"NRP2",0.440324208485891,0.440324208485891,2
"NRXN1",0.588142273914771,0.519263644135039,3
"NRXN3",0.317457586998104,0.317457586998104,2
"NSF",0.220232575327357,0.220232575327357,1
"NT5E",0.12090471892517,0.12090471892517,1
"NTF4",-0.257059314142237,-0.257059314142237,1
"NTM",0.48819090643226,0.48819090643226,2
"NTN1",0.29669713405853,0.29669713405853,2
"NTN4",0.3131685042426,0.3131685042426,1
"NTNG1",0.35872827841006,0.35872827841006,1
"NTRK1",-0.429489966495587,-0.429489966495587,1
"NTRK2",0.51069786129863,0.51069786129863,1
"NTRK3",0.5669672460467,0.5669672460467,1
"NUB1",-0.132969669889058,-0.132969669889058,1
"NUCB2",0.334151188513251,0.334151188513251,1
"NUDC",0.56474094763535,0.56474094763535,1
"NUDT1",0.17088111819367,0.17088111819367,1
"NUDT3",0.677570806992985,0.677570806992985,1
"NUMB",-0.151658626578953,-0.151658626578953,1
"NUP98",-0.326669269164605,-0.326669269164605,1
"NXPH1",0.231741475174327,0.231741475174327,2
"NXPH2",0.546237231042859,0.546237231042859,1
"NXPH3",-0.214435092981603,-0.214435092981603,1
"OCLN",-0.165965521286199,-0.165965521286199,1
"ODC1",-0.243545565127593,-0.243545565127593,1
"OGFR",0.096868258644707,0.096868258644707,1
"OLFM2",0.291952138555598,0.291952138555598,2
"OLR1",0.618070969617968,0.618070969617968,2
"OMG",0.148263254104148,0.148263254104148,1
"OPCML",0.56554243843291,0.56554243843291,1
"OSCAR",0.0262792971839846,0.0262792971839846,2
"OSM",-0.134836684812107,-0.134836684812107,1
"OSMR",0.188436169335423,0.188436169335423,1
"OSTF1",-0.274951192408596,-0.274951192408596,1
"OSTN",-0.142190173700039,-0.142190173700039,1
"OTUD7B",0.103737079972801,0.103737079972801,1
"OTULIN",0.452435579832926,0.452435579832926,1
"OXT",0.172766290592013,0.172766290592013,1
"P2RX6",-0.124572442790299,-0.124572442790299,1
"P4HA2",0.409248504058952,0.409248504058952,1
"P4HB",0.230468476064152,0.230468476064152,1
"PACSIN1",-0.104941169842971,-0.104941169842971,1
"PAIP1",0.169464255382508,0.169464255382508,1
"PAK4",-0.183383314475577,-0.183383314475577,1
"PAK5",-0.119750081215226,-0.119750081215226,1
"PAK6",0.350452725397391,0.350452725397391,1
"PALM",0.527517337116725,0.527517337116725,1
"PAM",0.318013720740024,0.318013720740024,1
"PAPOLG",-0.130003079075228,-0.130003079075228,1
"PARK7",0.57870234581101,0.57870234581101,1
"PARVA",0.351919866584477,0.351919866584477,1
"PAX8",-0.129588213406996,-0.129588213406996,1
"PBK",0.197717128332556,0.197717128332556,1
"PBRM1",-0.370205228416989,-0.370205228416989,1
"PCBP1",0.251347193846905,0.251347193846905,1
"PCDH1",0.474528527835092,0.474528527835092,1
"PCK1",-0.262822640045527,-0.262822640045527,1
"PCNA",-0.0985125239847627,-0.0985125239847627,1
"PCSK2",0.27103349204745,0.27103349204745,2
"PCSK7",0.256305784758284,0.256305784758284,1
"PCSK9",0.275952864384831,0.275952864384831,2
"PDAP1",-0.272741075048358,-0.272741075048358,1
"PDCD5",0.748768554665415,0.748768554665415,1
"PDCD6IP",0.12005429444619,0.12005429444619,1
"PDE1B",0.76355984607778,0.76355984607778,1
"PDE9A",0.282499477599459,0.282499477599459,1
"PDGFA",-0.231491422643143,-0.231491422643143,1
"PDGFB",-0.0980356142528458,-0.0980356142528458,1
"PDGFC",0.269488752898292,0.269488752898292,1
"PDGFD",-0.135706115687216,-0.135706115687216,1
"PDGFRA",0.367791600083096,0.367791600083096,1
"PDGFRB",0.148031094608971,0.148031094608971,1
"PDHA2",0.247328869234932,0.247328869234932,1
"PDIA3",0.468496129821848,0.468496129821848,2
"PDIA4",0.293660749104177,0.301370154361477,3
"PDIA6",0.541063813694494,0.541063813694494,1
"PDLIM1",-0.128862390844835,-0.128862390844835,1
"PDLIM4",0.480331676773788,0.480331676773788,1
"PDP1",-0.11844557822529,-0.11844557822529,1
"PDPK1",-0.385562629343826,-0.385562629343826,1
"PDXP",0.601177732852142,0.601177732852142,1
"PEA15",0.480297159860302,0.480297159860302,1
"PEAR1",0.224940008240267,0.224940008240267,2
"PEBP1",0.790849869244503,0.790849869244503,1
"PECAM1",-0.32963983247927,-0.32963983247927,1
"PELI1",-0.324220526638127,-0.324220526638127,1
"PENK",0.217271556609787,0.217271556609787,1
"PFKFB3",-0.157968439742373,-0.157968439742373,1
"PFKM",0.321437915868071,0.321437915868071,1
"PFN1",0.410567217201768,0.410567217201768,1
"PGAM1",0.501426983561585,0.501426983561585,1
"PGAM2",0.561009292232553,0.561009292232553,1
"PGD",0.119181123947225,0.119181123947225,1
"PGF",-0.106089736287272,-0.106089736287272,1
"PGK1",0.413611111020992,0.413611111020992,1
"PGLYRP1",-0.06379990679662,-0.06379990679662,2
"PGR",0.267429458383865,0.267429458383865,1
"PHB2",-0.144200393493076,-0.144200393493076,1
"PHF3",-0.408534201115947,-0.408534201115947,1
"PHGDH",0.293518666273384,0.293518666273384,1
"PHKA1",-0.250964402444969,-0.250964402444969,1
"PHYHIP",0.174072424203184,0.174072424203184,1
"PIGR",0.33458364734782,0.33458364734782,1
"PIK3C2A",0.191614756678517,0.191614756678517,1
"PIK3C3",-0.335513742366114,-0.335513742366114,1
"PIK3R1",-0.397284725145117,-0.397284725145117,1
"PIN1",0.772695172513684,0.772695172513684,1
"PIP4K2A",-0.167126260086708,-0.167126260086708,1
"PIP4K2B",-0.323028278764995,-0.323028278764995,2
"PKD2",0.0929486972436285,0.0929486972436285,2
"PKLR",-0.193846479845068,-0.193846479845068,2
"PKN2",0.317961511311414,0.317961511311414,1
"PLA2G2A",-0.124955222661339,-0.124955222661339,1
"PLAUR",0.563387997180201,0.563387997180201,1
"PLCB1",0.773109772481421,0.773109772481421,1
"PLCG1",0.238954403769726,0.238954403769726,1
"PLCG2",-0.133382718607594,-0.133382718607594,1
"PLG",-0.137150130763702,-0.137150130763702,2
"PLK1",-0.171636846215286,-0.171636846215286,1
"PLXDC1",0.38056275319426,0.38056275319426,1
"PLXDC2",0.468590253570141,0.468590253570141,1
"PLXNA1",0.48045739364243,0.48045739364243,1
"PLXNA4",0.472660138963075,0.472660138963075,1
"PLXNB2",0.379927429531869,0.379927429531869,1
"PLXNB3",0.297049739358644,0.297049739358644,1
"PLXNC1",0.409972493780999,0.409972493780999,1
"PLXND1",0.502225288234463,0.502225288234463,1
"PML",-0.236343513788694,-0.236343513788694,1
"PNKP",-0.374826663116841,-0.374826663116841,1
"POFUT1",0.268269411869495,0.268269411869495,1
"POLB",-0.379414475746361,-0.379414475746361,1
"POLR2E",-0.32100913929992,-0.32100913929992,1
"POLR2F",-0.228580359193109,-0.228580359193109,1
"POMC",0.287981870559632,0.287981870559632,1
"PON2",0.117543958717154,0.117543958717154,1
"POSTN",0.185913128381721,0.185913128381721,2
"PPARG",-0.123112788403989,-0.123112788403989,1
"PPARGC1A",-0.147904331565288,-0.147904331565288,1
"PPIA",0.514126842165348,0.514126842165348,1
"PPIF",0.220834596091413,0.220834596091413,1
"PPIG",-0.203965541396032,-0.203965541396032,1
"PPM1A",0.319666685156333,0.319666685156333,1
"PPM1B",0.593570333386159,0.593570333386159,1
"PPM1D",-0.099971551569463,-0.099971551569463,1
"PPM1F",0.364092617636902,0.364092617636902,1
"PPM1G",0.411307059856193,0.411307059856193,1
"PPM1L",-0.138065264106364,-0.138065264106364,1
"PPME1",0.350874370017289,0.350874370017289,1
"PPP1CC",0.256207329334008,0.256207329334008,1
"PPP1R14A",0.231137892672195,0.231137892672195,1
"PPP1R1A",0.69127622695236,0.69127622695236,1
"PPP1R2",0.439665920311591,0.439665920311591,1
"PPP1R8",-0.11269471083847,-0.11269471083847,1
"PPP1R9B",-0.339691576334788,-0.339691576334788,1
"PPP2R1A",0.208289005049902,0.208289005049902,1
"PPP2R5A",0.270989866224822,0.270989866224822,1
"PPP2R5D",0.234978071597674,0.234978071597674,1
"PPP3R1",0.854402413370591,0.854402413370591,1
"PPP4C",0.222497844611397,0.222497844611397,1
"PPP4R3A",-0.173550987060326,-0.173550987060326,1
"PRC1",-0.383824593719654,-0.383824593719654,1
"PRDX1",0.475452351890131,0.475452351890131,1
"PRDX3",0.744733175321648,0.744733175321648,1
"PRDX6",0.373730774465191,0.373730774465191,1
"PRKAR1A",0.699705669107899,0.699705669107899,1
"PRKAR1B",0.6079936291309,0.6079936291309,1
"PRKAR2B",0.503316336457211,0.503316336457211,1
"PRKCB",0.576515466564262,0.576515466564262,1
"PRKCG",0.752719526157261,0.752719526157261,1
"PRKCI",-0.294703972329056,-0.294703972329056,1
"PRKCQ",-0.346369391786178,-0.346369391786178,1
"PRKCSH",0.542317899303298,0.542317899303298,1
"PRKCZ",-0.334038354412217,-0.334038354412217,1
"PRKG1",0.391702044866497,0.391702044866497,1
"PRKN",0.268503655461385,0.268503655461385,1
"PRL",-0.183059164685181,-0.183059164685181,2
"PROC",0.040515154803793,0.040515154803793,2
"PROCR",0.263874366468315,0.263874366468315,1
"PRPF19",-0.15520999570957,-0.15520999570957,1
"PRTG",0.318378300216439,0.318378300216439,1
"PRTN3",-0.151420082903729,-0.151420082903729,2
"PSG4",-0.125279922488627,-0.125279922488627,1
"PSG6",-0.142566817205418,-0.142566817205418,1
"PSG7",-0.13949459000364,-0.13949459000364,1
"PSMA5",0.341968861702974,0.341968861702974,1
"PSMA7",0.535662855936927,0.535662855936927,1
"PSMB4",0.411640412188287,0.411640412188287,1
"PSMC5",0.266440048220892,0.266440048220892,1
"PSMD4",-0.240598520581618,-0.240598520581618,1
"PSME3",-0.0980645559275571,-0.0980645559275571,1
"PSTPIP1",-0.169332322468818,-0.169332322468818,1
"PTEN",-0.253682006720457,-0.253682006720457,1
"PTGES3",0.43230403534627,0.43230403534627,1
"PTGFRN",0.332611642829943,0.332611642829943,1
"PTGR1",0.193132777808788,0.193132777808788,2
"PTGS2",-0.113875399099,-0.113875399099,1
"PTH",0.267860390587319,0.267860390587319,1
"PTHLH",0.20381365208754,0.20381365208754,1
"PTK2",-0.137198772710594,-0.137198772710594,1
"PTK2B",-0.34815923253444,-0.34815923253444,1
"PTK7",0.233453311218375,0.233453311218375,1
"PTN",0.15892028427362,0.15892028427362,1
"PTP4A3",0.200083820484669,0.200083820484669,1
"PTPA",0.715723609944702,0.715723609944702,1
"PTPN1",0.208138381048303,0.208138381048303,1
"PTPN11",0.425336859265915,0.425336859265915,2
"PTPN4",0.400532015887966,0.400532015887966,1
"PTPN6",-0.355048176409273,-0.355048176409273,1
"PTPRD",0.58126021762367,0.58126021762367,1
"PTPRJ",0.520970608216808,0.520970608216808,1
"PTPRR",0.389373007248626,0.389373007248626,1
"PTPRS",0.411495239246307,0.411495239246307,1
"PTPRU",0.295733492532916,0.295733492532916,1
"PTS",-0.243087307002305,-0.243087307002305,1
"PTTG1",-0.112793446454456,-0.112793446454456,1
"PUF60",0.429004097375592,0.429004097375592,1
"PURB",-0.104548452500723,-0.104548452500723,1
"PVR",-0.232661002923047,-0.232661002923047,1
"PYCARD",0.33921523868076,0.33921523868076,1
"QDPR",0.253254157470963,0.253254157470963,1
"RAB11A",0.0990136426848496,0.0990136426848496,1
"RAB14",0.292845130968558,0.292845130968558,1
"RAB2A",-0.253755490475029,-0.253755490475029,2
"RAB4A",0.122325874673796,0.122325874673796,1
"RAB5A",-0.370471767346914,-0.370471767346914,1
"RAB6A",0.307237937639682,0.307237937639682,1
"RAB6B",0.448172022407166,0.448172022407166,1
"RABEP1",-0.355328975041294,-0.355328975041294,1
"RABEPK",0.12423447749978,0.12423447749978,1
"RAC2",-0.270584783240954,-0.270584783240954,1
"RACGAP1",0.109122998598485,0.109122998598485,1
"RACK1",-0.13915684003994,-0.13915684003994,1
"RAD23B",0.666296489341824,0.666296489341824,1
"RAET1L",0.155147931173214,0.155147931173214,2
"RAF1",0.724090184818603,0.724090184818603,1
"RALA",0.338936233610381,0.338936233610381,1
"RAMP1",0.238700564115053,0.238700564115053,1
"RAN",0.135380664763458,0.135380664763458,1
"RANBP1",-0.281976322373313,-0.281976322373313,1
"RANBP3",0.709420063742776,0.709420063742776,1
"RANGAP1",-0.240958998145695,-0.240958998145695,1
"RAP1GAP",0.305145101650542,0.305145101650542,1
"RAP1GDS1",0.146308070285243,0.146308070285243,1
"RAP2A",0.210409453094365,0.210409453094365,1
"RAPGEF1",-0.242999530639444,-0.242999530639444,1
"RASSF5",-0.104261644632411,-0.104261644632411,1
"RB1",-0.386495576798258,-0.386495576798258,1
"RBBP6",-0.128022014387174,-0.128022014387174,1
"RBFOX2",0.509816050275691,0.509816050275691,1
"RBL1",-0.10307997158206,-0.10307997158206,1
"RBM17",-0.363355754130388,-0.363355754130388,1
"RBM39",-0.348133022023038,-0.348133022023038,1
"RBP1",0.466078150441137,0.466078150441137,2
"RCSD1",-0.368830854317703,-0.368830854317703,1
"RELB",0.233716181845722,0.233716181845722,1
"RELN",0.261627000050398,0.261627000050398,1
"RET",0.30728732122319,0.30728732122319,1
"RETREG1",0.122478445039799,0.122478445039799,1
"RFNG",0.264928921405563,0.264928921405563,1
"RGMA",0.509897275539447,0.509897275539447,1
"RGMB",0.349858102669481,0.349858102669481,1
"RGS10",0.332919722904074,0.332919722904074,1
"RGS18",0.102498100334245,0.102498100334245,1
"RGS19",-0.193746079459386,-0.193746079459386,1
"RHOB",0.412152533666503,0.412152533666503,1
"RHOC",-0.127114952689415,-0.127114952689415,1
"RHOT1",0.147674957706369,0.147674957706369,1
"RIPK2",0.142313790191076,0.142313790191076,1
"RNASE2",0.345401193621451,0.345401193621451,1
"RND1",0.45074030730701,0.45074030730701,1
"RNF128",0.0251246711315426,0.0251246711315426,2
"RNF146",0.263087461765824,0.263087461765824,1
"RNF41",0.293598157990742,0.293598157990742,1
"RNF43",-0.18224692010759,-0.18224692010759,1
"RNF8",0.393442300665599,0.393442300665599,1
"ROBO1",0.506865812648713,0.506865812648713,1
"ROBO2",0.503752396009993,0.503752396009993,2
"ROBO4",0.385257070088955,0.385257070088955,2
"ROR1",0.308801298583955,0.308801298583955,2
"ROR2",0.433872596805541,0.433872596805541,1
"RPA2",-0.316515154538563,-0.316515154538563,1
"RPL11",-0.257315396132874,-0.257315396132874,1
"RPRD1B",-0.409362082212388,-0.409362082212388,1
"RPS6KA1",-0.270698338766006,-0.270698338766006,1
"RPS6KA3",-0.375315567928166,-0.375315567928166,1
"RPS6KA6",-0.288269607908451,-0.288269607908451,1
"RPS6KB1",-0.128219170148645,-0.128219170148645,2
"RRAD",-0.115369541186941,-0.115369541186941,1
"RRM1",-0.110167099992198,-0.110167099992198,1
"RRM2B",0.279575913580421,0.279575913580421,2
"RSPO1",0.052224807894219,0.052224807894219,2
"RSPO2",0.417080285257234,0.417080285257234,1
"RSPO3",0.486759578853786,0.486759578853786,2
"RSPO4",0.329841421174779,0.329841421174779,1
"RTN4R",0.321035206198177,0.321035206198177,1
"RTN4RL1",0.360200705791613,0.360200705791613,1
"RUFY1",0.224773378599064,0.224773378599064,1
"RUNX3",-0.3449681031984,-0.3449681031984,1
"RUVBL1",-0.148459651808488,-0.148459651808488,1
"RXRA",-0.103618949414031,-0.103618949414031,1
"RYK",0.236584453966456,0.236584453966456,1
"S100A10",-0.312120189774253,-0.312120189774253,1
"S100A11",-0.097008322552329,-0.097008322552329,1
"S100A12",-0.123864637954985,-0.123864637954985,1
"S100A2",0.0978935783492358,0.0978935783492358,1
"S100A4",0.0135749264350395,0.0135749264350395,2
"S100A7",-0.242017658495718,-0.242017658495718,1
"S100A8",-0.180436365588021,-0.180436365588021,2
"S100A9",-0.260504396183349,-0.260504396183349,2
"S100P",0.153229576722091,0.153229576722091,1
"SAA1",-0.197923762511988,-0.197923762511988,2
"SAP30",-0.284011985448196,-0.284011985448196,1
"SCARA3",0.002020200311824,0.002020200311824,2
"SCARA5",0.12890242964186,0.12890242964186,1
"SCARB1",-0.248131500933347,-0.248131500933347,1
"SCARF1",0.464243762069453,0.464243762069453,1
"SCGB2A1",-0.0782756766307175,-0.0782756766307175,2
"SCN2B",0.678720505919294,0.678720505919294,1
"SCN3B",0.386006267363182,0.386006267363182,1
"SCP2",0.14477095559277,0.14477095559277,2
"SDC3",0.35717940117762,0.35717940117762,1
"SDCBP",-0.169638415529911,-0.169638415529911,1
"SDF2L1",0.179768692778128,0.179768692778128,1
"SECTM1",0.160853387927057,0.160853387927057,1
"SELE",-0.136248411549698,-0.136248411549698,1
"SELP",0.105200584377381,0.105200584377381,1
"SELPLG",0.168719734175772,0.168719734175772,1
"SEMA3A",-0.369937023635846,-0.369937023635846,1
"SEMA3B",-0.143533009225605,-0.143533009225605,1
"SEMA3E",0.179449567101019,0.179449567101019,1
"SEMA3G",0.45999116474067,0.45999116474067,1
"SEMA4A",0.410837570965547,0.410837570965547,1
"SEMA4B",0.321856931639464,0.321856931639464,1
"SEMA4C",0.487175043156519,0.487175043156519,1
"SEMA4D",0.436769870284354,0.436769870284354,1
"SEMA4F",0.210448980336901,0.210448980336901,1
"SEMA4G",0.296964539984249,0.296964539984249,1
"SEMA5B",0.335042063244208,0.335042063244208,1
"SEMA6A",0.240013817417562,0.240013817417562,2
"SEMA6B",0.262306525120084,0.262306525120084,1
"SEMA6C",0.0415115344178904,0.0415115344178904,2
"SEMA6D",0.37074030487973,0.37074030487973,1
"SEMA7A",0.257157123452094,0.257157123452094,1
"SEPTIN5",0.530676992340211,0.530676992340211,1
"SERPINB1",0.504828667739,0.504828667739,1
"SERPINB2",0.173677959061203,0.173677959061203,1
"SERPINB5",-0.138425593773489,-0.138425593773489,1
"SERPINC1",-0.234559361796074,-0.234559361796074,1
"SERPIND1",0.162880845982117,0.162880845982117,1
"SERPINE2",0.0756190236540075,0.0756190236540075,2
"SERPINF1",-0.19213661637534,-0.19213661637534,2
"SERPING1",0.160160876428081,0.160160876428081,1
"SET",0.198186415175038,0.198186415175038,1
"SFN",0.333771389809374,0.333771389809374,1
"SFRP1",0.388149538979081,0.388149538979081,2
"SFTPD",0.09695617844202,0.09695617844202,1
"SH2B3",0.382263839489296,0.382263839489296,1
"SH2D1A",-0.0978405894571509,-0.0978405894571509,1
"SH2D3C",-0.119236802349807,-0.119236802349807,1
"SH3BP2",-0.121482970771934,-0.121482970771934,1
"SH3BP5",-0.288763325814954,-0.288763325814954,1
"SH3GL2",0.354082644151162,0.354082644151162,2
"SH3GLB1",0.127479964064117,0.127479964064117,1
"SH3KBP1",-0.158856125666364,-0.158856125666364,1
"SH3PXD2B",0.228793394742238,0.228793394742238,1
"SHANK1",0.472927469554027,0.472927469554027,2
"SHANK3",0.775706268018871,0.775706268018871,1
"SHARPIN",0.157999508279153,0.157999508279153,1
"SHBG",0.103909195895769,0.103909195895769,2
"SHC1",0.050482957130258,0.050482957130258,2
"SHC4",-0.359814761371576,-0.359814761371576,1
"SIAH1",0.13737544524805,0.13737544524805,1
"SIGLEC11",-0.352612596607425,-0.352612596607425,1
"SIGLEC14",0.241144301069172,0.241144301069172,2
"SIGLEC15",-0.304311217708346,-0.304311217708346,1
"SIGLEC5",0.258078742380404,0.257311605898202,3
"SIGLEC7",0.313093818466723,0.313093818466723,1
"SIGLEC8",-0.113279893351743,-0.113279893351743,1
"SIGLEC9",0.105225945030376,0.105225945030376,1
"SIRPA",0.232629018473764,0.232629018473764,1
"SIRT2",0.17917365251125,0.17917365251125,2
"SIRT6",-0.216088953821399,-0.216088953821399,1
"SKIL",0.164268077065177,0.164268077065177,1
"SKP1",-0.362797037266448,-0.362797037266448,1
"SKP2",-0.359888788740848,-0.359888788740848,1
"SLAMF1",0.100463278104766,0.100463278104766,1
"SLBP",-0.333601289008196,-0.333601289008196,1
"SLIT1",0.558815542259319,0.558815542259319,1
"SLIT2",0.773628702555491,0.773628702555491,1
"SLITRK1",0.505113386420397,0.505113386420397,2
"SLITRK2",0.273755124643473,0.273755124643473,1
"SLITRK3",0.256198432869229,0.256198432869229,1
"SLITRK4",0.574168541400129,0.574168541400129,1
"SLITRK5",0.534969262070168,0.534969262070168,1
"SLITRK6",0.257304109466887,0.257304109466887,1
"SMAD2",0.104386178908529,0.104386178908529,1
"SMAD4",0.402038212716929,0.402038212716929,1
"SMAD5",0.288819821933528,0.288819821933528,1
"SMAP1",0.566177701386721,0.566177701386721,1
"SMOC1",0.788885427577756,0.788885427577756,2
"SMOC2",0.429305323285953,0.429305323285953,1
"SMTN",0.115593166433693,0.115593166433693,1
"SMURF1",0.761263680755736,0.761263680755736,1
"SNAI2",0.119645103186954,0.119645103186954,1
"SNCA",0.120192237738909,0.120192237738909,1
"SNCG",0.611797613599762,0.611797613599762,1
"SND1",-0.312639460205893,-0.312639460205893,1
"SNIP1",-0.197466859978753,-0.197466859978753,1
"SNPH",-0.134728780394596,-0.134728780394596,1
"SNTA1",0.281820748920844,0.281820748920844,2
"SNX27",0.198883867021816,0.198883867021816,1
"SNX5",-0.251410193416765,-0.251410193416765,1
"SNX8",-0.109256369968122,-0.109256369968122,1
"SOD1",0.175832435522139,0.175832435522139,1
"SOD2",0.576324992109837,0.576324992109837,1
"SORCS1",0.364408281774283,0.364408281774283,1
"SORCS3",0.352914374115869,0.352914374115869,2
"SORT1",-0.104453608521705,-0.104453608521705,1
"SOST",-0.120120864642789,-0.120120864642789,1
"SOSTDC1",0.115118604256346,0.115118604256346,1
"SOX6",0.192007019705528,0.192007019705528,1
"SPARC",0.242592227190562,0.242592227190562,1
"SPART",0.610247905502025,0.610247905502025,1
"SPAST",0.222083812688131,0.222083812688131,2
"SPI1",-0.279476748854932,-0.279476748854932,1
"SPN",0.202139172636501,0.202139172636501,1
"SPON1",0.624232849348494,0.624232849348494,1
"SPON2",0.167656234379285,0.167656234379285,1
"SPP1",0.576223887529111,0.576223887529111,1
"SQSTM1",-0.12302869517504,-0.12302869517504,1
"SRC",-0.153056455923214,-0.153056455923214,1
"SRGN",-0.310306123947351,-0.310306123947351,1
"SRI",0.29251048111829,0.29251048111829,1
"SRPK1",-0.174809105287078,-0.174809105287078,1
"SRRT",-0.164163624233145,-0.164163624233145,1
"SRSF6",-0.263364106517644,-0.263364106517644,1
"SSB",-0.311100944870084,-0.311100944870084,1
"SSBP1",-0.207250255240664,-0.207250255240664,1
"SSRP1",-0.103999118260467,-0.103999118260467,1
"SSU72",-0.245570277990765,-0.245570277990765,1
"ST13",0.714640668840314,0.714640668840314,1
"ST6GAL1",-0.345989912608947,-0.345989912608947,1
"ST8SIA4",0.298788009587398,0.298788009587398,1
"STAB1",0.174384365457139,0.174384365457139,1
"STAB2",-0.371363558014764,-0.371363558014764,1
"STAMBP",-0.237095046966404,-0.237095046966404,1
"STAP1",-0.357036681713978,-0.357036681713978,1
"STAR",0.601834123664328,0.601834123664328,1
"STARD10",0.421390456458422,0.421390456458422,1
"STAT1",-0.349417892675508,-0.349417892675508,1
"STAT3",0.196711081444805,0.196711081444805,2
"STAT5A",-0.178738488824201,-0.178738488824201,1
"STAT5B",-0.257329730217161,-0.257329730217161,1
"STAT6",-0.217128906948351,-0.217128906948351,1
"STIM1",0.242733156963807,0.242733156963807,1
"STK10",0.1557213701676,0.1557213701676,1
"STK17B",-0.133581263433583,-0.133581263433583,2
"STK3",0.15196769106888,0.15196769106888,1
"STK4",0.313737872625582,0.313737872625582,1
"STMN1",0.837781615021288,0.837781615021288,1
"STMN2",0.844538984104637,0.844538984104637,1
"STMN3",0.776362613893729,0.776362613893729,1
"STUB1",0.143988637517264,0.143988637517264,1
"STX17",0.298731507648891,0.298731507648891,1
"STX1A",0.709332533091408,0.709332533091408,2
"STX3",0.638200294086887,0.638200294086887,1
"STX4",0.142643074591068,0.142643074591068,1
"STX7",0.740203117536787,0.740203117536787,1
"STXBP4",0.204808022207604,0.204808022207604,1
"STXBP6",0.397855881734183,0.397855881734183,1
"SUB1",-0.22522576706083,-0.22522576706083,1
"SUGT1",0.696116195769691,0.696116195769691,1
"SULT4A1",-0.26971407076603,-0.26971407076603,1
"SUMO2",0.471247799008479,0.471247799008479,1
"SUMO3",0.805184049614641,0.805184049614641,2
"SV2A",0.593976045996112,0.593976045996112,1
"SVEP1",0.37702634003731,0.37702634003731,2
"SYAP1",0.419883986105104,0.419883986105104,1
"SYK",-0.0466334729960265,-0.0466334729960265,2
"SYNCRIP",-0.343431563390938,-0.343431563390938,1
"SYNJ2BP",-0.29381406353929,-0.29381406353929,1
"SYT1",0.742611792316565,0.742611792316565,1
"SYT11",0.481795590192686,0.481795590192686,1
"SYT4",0.538093984706554,0.538093984706554,1
"SYT6",0.384533840606744,0.384533840606744,1
"TACC3",-0.170721794545041,-0.170721794545041,1
"TAFA3",0.146445783735776,0.146445783735776,1
"TAFA4",0.448620047644395,0.448620047644395,1
"TAGLN2",0.345859695719996,0.345859695719996,2
"TANK",-0.342170708572528,-0.342170708572528,1
"TARBP2",-0.130873078630369,-0.130873078630369,1
"TAX1BP1",0.634732477144539,0.634732477144539,1
"TAX1BP3",0.329800290620343,0.329800290620343,1
"TBC1D25",0.297328177794593,0.297328177794593,1
"TBCB",0.683258328652772,0.683258328652772,1
"TBK1",-0.353853670682212,-0.353853670682212,1
"TBP",0.166531406782148,0.166531406782148,1
"TBXAS1",0.202384346610052,0.202384346610052,1
"TCAP",-0.185793297463922,-0.185793297463922,1
"TCEA1",-0.101391707591368,-0.101391707591368,1
"TCEAL1",-0.10249222867068,-0.10249222867068,1
"TCF4",-0.278334374266019,-0.278334374266019,1
"TCL1B",-0.113518172231893,-0.113518172231893,1
"TCN1",-0.3036648534123,-0.3036648534123,2
"TCN2",0.107187310005493,0.107187310005493,1
"TCTN2",0.127307457576383,0.127307457576383,1
"TEAD3",0.28543179415831,0.28543179415831,1
"TEAD4",0.0994824899587299,0.0994824899587299,1
"TEC",-0.141468430320118,-0.141468430320118,1
"TECTB",0.137311539434165,0.137311539434165,1
"TEK",0.141959529890624,0.141959529890624,1
"TENM2",0.114624527873289,0.114624527873289,1
"TENM3",-0.180836013232437,-0.180836013232437,1
"TENM4",0.578992689663238,0.578992689663238,1
"TF",-0.252128148848881,-0.252128148848881,1
"TFAM",-0.240142925174137,-0.240142925174137,1
"TFF1",-0.323712823663946,-0.323712823663946,1
"TFPI",0.223976104234384,0.223976104234384,1
"TFRC",-0.0084579095481985,-0.0084579095481985,2
"TGFB1",0.057215511480273,0.057215511480273,2
"TGFB2",-0.329065337850795,-0.329065337850795,1
"TGFB3",-0.14559911533669,-0.14559911533669,1
"TGFBR2",-0.116320317523924,-0.116320317523924,1
"TGFBR3",0.352681055275884,0.352681055275884,1
"THBS1",0.239537378711317,0.239537378711317,1
"THBS2",0.116998331197023,0.116998331197023,1
"THBS3",0.298890568809921,0.298890568809921,1
"THBS4",0.350544570638335,0.350544570638335,1
"THEM4",-0.311642196946116,-0.311642196946116,1
"THOC1",-0.408980327691893,-0.408980327691893,1
"THSD7A",-0.127366686184322,-0.127366686184322,1
"TIAL1",-0.322415465283342,-0.322415465283342,1
"TIAM1",0.159504421587966,0.159504421587966,1
"TIE1",0.415016805530035,0.415016805530035,1
"TIFA",0.113375198124349,0.113375198124349,1
"TIGAR",0.100770605560349,0.100770605560349,1
"TIMP1",0.139486145750499,0.139486145750499,2
"TIMP3",0.478580444406385,0.478580444406385,1
"TINF2",0.118541922814517,0.118541922814517,1
"TJP1",0.264870981713083,0.264870981713083,1
"TKT",0.604234201179673,0.604234201179673,1
"TLK1",-0.174207265180568,-0.174207265180568,1
"TLN2",-0.191293778861579,-0.191293778861579,1
"TLR2",-0.316720110544177,-0.316720110544177,1
"TLR5",0.292483716956127,0.292483716956127,1
"TMEM132A",0.491984921092103,0.491984921092103,1
"TMEM167A",-0.110282835153252,-0.110282835153252,1
"TMEM59L",0.496923531290303,0.496923531290303,1
"TMIGD2",0.33129895040702,0.33129895040702,1
"TMOD1",-0.13205509868986,-0.13205509868986,1
"TMPRSS6",-0.39839235779941,-0.39839235779941,1
"TNC",0.271273007788429,0.254089797164977,6
"TNF",-0.10555408074204,-0.10555408074204,1
"TNFAIP1",-0.10424359611959,-0.10424359611959,1
"TNFAIP3",-0.319430657341062,-0.319430657341062,1
"TNFAIP6",-0.214640441866961,-0.214640441866961,1
"TNFRSF10B",0.369309890804881,0.369309890804881,1
"TNFRSF11A",0.529849592726504,0.529849592726504,1
"TNFRSF11B",0.249017846208979,0.249017846208979,1
"TNFRSF13B",-0.327109252386767,-0.327109252386767,1
"TNFRSF13C",0.216853264756866,0.216853264756866,1
"TNFRSF14",0.446992114707377,0.446992114707377,2
"TNFRSF17",-0.104583559749774,-0.104583559749774,1
"TNFRSF18",0.0250628181131185,0.0250628181131185,2
"TNFRSF1A",0.469112618662465,0.469112618662465,1
"TNFRSF1B",0.541842665432662,0.541842665432662,2
"TNFRSF21",0.554964975572948,0.554964975572948,2
"TNFRSF8",0.245893909048312,0.245893909048312,1
"TNFSF11",-0.153180099666369,-0.153180099666369,1
"TNFSF12",0.585081850822006,0.585081850822006,1
"TNFSF14",-0.28143584353892,-0.28143584353892,1
"TNFSF15",0.0234662276261295,0.0234662276261295,2
"TNFSF8",0.509129795456569,0.509129795456569,1
"TNIP1",0.120512380667084,0.120512380667084,1
"TNKS",-0.130553339259468,-0.130553339259468,1
"TNNI3",0.138819697329263,0.138819697329263,1
"TOLLIP",0.597438890121963,0.597438890121963,1
"TOM1L1",0.31793808742822,0.31793808742822,1
"TOP1",-0.401458250189488,-0.401458250189488,1
"TOPBP1",0.132193637099353,0.132193637099353,1
"TOR1AIP1",0.473071897352034,0.473071897352034,1
"TP53",-0.164856927430014,-0.164856927430014,1
"TP53I3",0.322612420284256,0.322612420284256,1
"TP63",-0.106901493032195,-0.106901493032195,1
"TPD52L2",0.198002697481304,0.198002697481304,1
"TPM3",-0.0971636092255917,-0.0971636092255917,1
"TPO",-0.350215010498745,-0.350215010498745,1
"TPSG1",-0.111018589908811,-0.111018589908811,1
"TPT1",0.715896841857269,0.715896841857269,1
"TRA2B",0.135456055333033,0.135456055333033,1
"TRAF4",-0.108238023045221,-0.108238023045221,1
"TRDMT1",0.153693141982869,0.153693141982869,1
"TREM1",0.239913798024759,0.239913798024759,1
"TREM2",0.285608940352614,0.298421968879056,3
"TREML1",-0.17962039856354,-0.17962039856354,1
"TRIM28",0.269784600814933,0.269784600814933,1
"TRIM5",-0.15265847058317,-0.15265847058317,1
"TRIM9",0.448059597811407,0.448059597811407,1
"TRIO",0.186772126064118,0.186772126064118,1
"TSC2",-0.318552465611508,-0.318552465611508,1
"TSC22D3",-0.251797995375867,-0.251797995375867,1
"TSLP",-0.400058607291144,-0.400058607291144,1
"TTN",-0.0987694767934663,-0.0987694767934663,1
"TWF1",0.0997059843613727,0.0997059843613727,1
"TXLNA",-0.150543546934842,-0.150543546934842,2
"TXNIP",0.13428968307255,0.13428968307255,1
"TXNRD1",0.808346414490167,0.808346414490167,1
"TYK2",0.327426088264033,0.327426088264033,1
"TYRO3",0.533952097468202,0.533952097468202,2
"TYRP1",-0.169219129706207,-0.169219129706207,1
"UBASH3B",-0.386482720870467,-0.386482720870467,1
"UBB",0.426674651773633,0.426674651773633,2
"UBC",0.36992664160872,0.36992664160872,2
"UBD",0.241915354394302,0.241915354394302,1
"UBE2A",-0.103396342602511,-0.103396342602511,1
"UBE2D2",0.505072047322546,0.505072047322546,1
"UBE2D3",0.424747661574603,0.424747661574603,2
"UBE2E1",0.254736457891159,0.254736457891159,1
"UBE2E3",0.129859358268552,0.129859358268552,1
"UBE2I",0.454542304234466,0.454542304234466,1
"UBE2J1",-0.363276859445089,-0.363276859445089,1
"UBE2L3",-0.320392892309389,-0.320392892309389,1
"UBE2N",0.712071000507728,0.712071000507728,1
"UBE2S",0.106926919990523,0.106926919990523,1
"UBE2T",-0.104039265462314,-0.104039265462314,1
"UBE2V1",0.722019562782105,0.722019562782105,1
"UBQLN2",0.723660584914252,0.723660584914252,1
"UCHL1",0.614723734602588,0.614723734602588,1
"UCK1",-0.255050248340282,-0.255050248340282,1
"UGT1A6",-0.143875466556408,-0.143875466556408,1
"ULBP1",-0.154927165667123,-0.154927165667123,2
"ULBP2",0.240494929502002,0.240494929502002,1
"ULBP3",0.215313669585373,0.215313669585373,1
"ULK3",-0.0995680331412504,-0.0995680331412504,1
"UNC5A",0.57773494134463,0.57773494134463,1
"UNC5B",0.533995696135902,0.531747681343607,3
"UNC5C",0.474257268842304,0.474257268842304,1
"UNC5D",0.55120787044507,0.552146025479767,3
"UNG",-0.123099155936498,-0.123099155936498,1
"USF1",0.108631763964315,0.108631763964315,1
"USF2",0.20293430238162,0.20293430238162,1
"USP14",0.157758526637781,0.157758526637781,1
"USP15",0.329996011575038,0.329996011575038,1
"USP19",-0.162282860414208,-0.162282860414208,1
"USP21",0.108106498524608,0.108106498524608,1
"USP25",-0.28480247783535,-0.28480247783535,1
"USP28",-0.13163213891956,-0.13163213891956,1
"USP8",-0.367796366557843,-0.367796366557843,1
"UTS2B",-0.273718844559133,-0.273718844559133,1
"UTS2R",-0.175687870139909,-0.175687870139909,1
"VAMP2",0.491646518893664,0.491646518893664,1
"VASN",0.506283039312589,0.506283039312589,1
"VASP",0.277345106262399,0.277345106262399,1
"VAV1",-0.239054050870863,-0.239054050870863,1
"VAV3",-0.243970151283635,-0.243970151283635,1
"VCAM1",0.123681125552812,0.123681125552812,2
"VCL",-0.146915178322245,-0.146915178322245,1
"VCP",-0.261263084084749,-0.261263084084749,1
"VCPIP1",0.104791677514141,0.104791677514141,1
"VEGFA",0.154350403315539,0.154350403315539,2
"VEGFB",-0.284967378228761,-0.284967378228761,1
"VEGFD",0.28718684235366,0.28718684235366,2
"VIM",0.154231328939683,0.154231328939683,1
"VIP",0.260265453805777,0.260265453805777,1
"VLDLR",-0.233813097347568,-0.233813097347568,1
"VPS4A",0.774854025676158,0.774854025676158,1
"VRK1",-0.176836149509957,-0.176836149509957,1
"VSIG10",0.196224773795771,0.196224773795771,1
"VSIG4",0.444438947427012,0.444438947427012,1
"VSIR",0.295619079564498,0.295619079564498,2
"VTN",-0.136138983321688,-0.136138983321688,1
"VWF",0.369913528274206,0.369913528274206,1
"WARS1",0.343818279024715,0.343818279024715,1
"WAS",0.143573280509129,0.143573280509129,2
"WBP2",0.485927531810839,0.485927531810839,1
"WFIKKN2",0.232245198483037,0.232245198483037,2
"WIF1",0.327108239623472,0.327108239623472,2
"WNK3",0.200806004449498,0.200806004449498,1
"WNT10B",-0.104799750134856,-0.104799750134856,1
"WNT11",-0.105876049542825,-0.105876049542825,1
"WNT16",0.296744816954262,0.296744816954262,1
"WNT3A",0.132290361310899,0.132290361310899,1
"WNT5B",0.205767140489628,0.205767140489628,1
"WRNIP1",0.107202930903376,0.107202930903376,1
"WTAP",0.38519538081894,0.38519538081894,1
"WWC1",0.739613309002914,0.739613309002914,1
"WWP1",0.26511041569633,0.26511041569633,1
"WWP2",0.162039064796798,0.162039064796798,1
"XPO5",-0.262868499876766,-0.262868499876766,1
"XRCC1",-0.133068722127895,-0.133068722127895,1
"XRCC4",-0.167407789709854,-0.167407789709854,1
"XRCC6",-0.245454412543455,-0.245454412543455,1
"XXYLT1",0.506370771096389,0.506370771096389,1
"YAP1",0.272153955262021,0.272153955262021,1
"YBX1",-0.181944634496958,-0.181944634496958,1
"YBX2",-0.234450010497004,-0.234450010497004,1
"YTHDC1",-0.128849125549127,-0.128849125549127,1
"YWHAB",0.809906685942604,0.809906685942604,2
"YWHAE",0.811755333441431,0.811755333441431,1
"YWHAG",0.858627927611296,0.858627927611296,2
"YWHAH",0.728844559375494,0.728844559375494,2
"YWHAQ",0.465213325121422,0.465213325121422,1
"YWHAZ",0.805282485773331,0.805282485773331,1
"YY1",-0.244676231592615,-0.244676231592615,1
"ZAP70",-0.142153734239809,-0.142153734239809,1
"ZBP1",-0.347136448064403,-0.347136448064403,1
"ZC3H8",0.128319679560249,0.128319679560249,1
"ZFP36",-0.1790451182491,-0.1790451182491,1
"ZG16B",-0.115859254881956,-0.115859254881956,1
"ZHX2",-0.383599575845837,-0.383599575845837,1
"ZNF264",-0.391069857020654,-0.391069857020654,1
"ZWINT",0.231338889925629,0.231338889925629,1
"ZYX",0.32652419167379,0.32652419167379,1
